Workbook

Sheet ①名簿入力
A1: ① 名簿入力 | D1: 4行目から名簿を貼り付け（白い欄＝入力／灰色＝自動計算）。〇・性別・分けたい人はリストから選べます。U列に「自動案」が出ます → ②へ
A2: 番号 | B2: 旧 クラス | C2: 氏名 | D2: ふりがな | E2: 性別 | F2: 国語 | G2: 数学 | H2: 英語 | I2: 理科 | J2: 社会 | K2: 5教科 平均 | L2: 50m走 (秒) | M2: ピアノ | N2: ムード メーカー | O2: 注意 | P2: 休み がち | Q2: 分けたい人① | R2: 分けたい人② | S2: 分けたい人③ | T2: 備考 | U2: 自動案 (組) | V2: 決定 (②の組) | W2: 選択肢 | X2: 性別ｺｰﾄﾞ | Y2: ピアノ01 | Z2: ムード01 | AA2: 注意01 | AB2: 休み01 | AC2: 区分 | AD2: 平均(補完) | AE2: 並びキー | AF2: 並び順 | AG2: 分けたいID① | AH2: 分けたいID② | AI2: 分けたいID③ | AJ2: 旧クラス番号 | AK2: 50m二乗 | AL2: 50m z
A3: 2101 | B3: 1 | C3: 佐賀 太郎 | D3: さが たろう | E3: 男 | F3: 72 | G3: 65 | H3: 80 | I3: 58 | J3: 70 | K3: (自動) | L3: 7.8 | M3: 〇 | N3: 〇 | Q3: 2105 山田 花子 | T3: ← 記入例（この行は計算に入りません） | U3: (自動) | V3: (自動)
A4: 2101 | B4: 1 | C4: 青木 花音 | D4: あおき かのん | E4: 女 | F4: 48 | G4: 52 | H4: 57 | I4: 60 | J4: 58 | K4: =IF(COUNT(F4:J4)=0,"",ROUND(AVERAGE(F4:J4),1)) -> 55 | L4: 8.9 | M4: × | U4: =IF(A4="","",INDEX('計算'!$Z$2:$Z$151,AF4)) -> 1 | V4: =IF(A4="","",IFERROR(IF(INDEX('②クラス編成'!$E$9:$E$158,MATCH(A4,'②クラス編成'!$D$9:$D$158,0))="","未",INDEX('②クラス編成'!$E$9:$E$158,MATCH(A4,'②クラス編成'!$D$9:$D$158,0))),"未")) -> 1 | W4: =IF(A4="","",A4&" "&C4) -> 2101 青木 花音 | X4: =IF(A4="","",IF(E4="男",1,IF(E4="女",2,3))) -> 2 | Y4: =IF(OR(M4="〇",M4="○",M4="◯"),1,0) -> 0 | Z4: =IF(OR(N4="〇",N4="○",N4="◯"),1,0) -> 0 | AA4: =IF(OR(O4="〇",O4="○",O4="◯"),1,0) -> 0 | AB4: =IF(OR(P4="〇",P4="○",P4="◯"),1,0) -> 0 | AC4: =IF(A4="","",IF(AA4=1,1,IF(Y4=1,2,IF(Z4=1,3,IF(AB4=1,4,5))))) -> 5 | AD4: =IF(A4="","",IF(K4="",'設定'!$C$37,K4)) -> 55 | AE4: =IF(A4="","",AC4*10000000-ROUND(ABS((AD4-'設定'!$C$37)/'設定'!$C$38)*10000,0)) -> 49994408 | AF4: =IF(A4="","",COUNTIF($AE$4:$AE$153,"<"&AE4)+COUNTIFS($AE$4:$AE$153,AE4,$A$4:$A$153,"<"&A4)+1) -> 79 | AG4: =IF(Q4="","",IFERROR(VALUE(LEFT(Q4,FIND(" ",Q4&" ")-1)),IFERROR(INDEX($A$4:$A$153,MATCH(Q4,$C$4:$C$153,0)),""))) | AH4: =IF(R4="","",IFERROR(VALUE(LEFT(R4,FIND(" ",R4&" ")-1)),IFERROR(INDEX($A$4:$A$153,MATCH(R4,$C$4:$C$153,0)),""))) | AI4: =IF(S4="","",IFERROR(VALUE(LEFT(S4,FIND(" ",S4&" ")-1)),IFERROR(INDEX($A$4:$A$153,MATCH(S4,$C$4:$C$153,0)),""))) | AJ4: =IF(OR(A4="",B4=""),"",IF(COUNTIFS($B$4:B4,B4,$A$4:A4,"<>")=1,MAX($AJ$3:AJ3)+1,"")) -> 1 | AK4: =IF(OR(A4="",NOT(ISNUMBER(L4))),"",L4^2) -> 79.21 | AL4: =IF(OR(A4="",NOT(ISNUMBER(L4))),0,(L4-INDEX('計算'!$AE$7:$AG$7,X4))/INDEX('計算'!$AE$8:$AG$8,X4)) -> 0.057799284
A5: 2102 | B5: 1 | C5: 阿部 陽葵 | D5: あべ ひまり | E5: 女 | F5: 35 | G5: 43 | H5: 28 | I5: 34 | J5: 34 | K5: =IF(COUNT(F5:J5)=0,"",ROUND(AVERAGE(F5:J5),1)) -> 34.8 | L5: 8.8 | M5: × | U5: =IF(A5="","",INDEX('計算'!$Z$2:$Z$151,AF5)) -> 3 | V5: =IF(A5="","",IFERROR(IF(INDEX('②クラス編成'!$E$9:$E$158,MATCH(A5,'②クラス編成'!$D$9:$D$158,0))="","未",INDEX('②クラス編成'!$E$9:$E$158,MATCH(A5,'②クラス編成'!$D$9:$D$158,0))),"未")) -> 3 | W5: =IF(A5="","",A5&" "&C5) -> 2102 阿部 陽葵 | X5: =IF(A5="","",IF(E5="男",1,IF(E5="女",2,3))) -> 2 | Y5: =IF(OR(M5="〇",M5="○",M5="◯"),1,0) -> 0 | Z5: =IF(OR(N5="〇",N5="○",N5="◯"),1,0) -> 0 | AA5: =IF(OR(O5="〇",O5="○",O5="◯"),1,0) -> 0 | AB5: =IF(OR(P5="〇",P5="○",P5="◯"),1,0) -> 0 | AC5: =IF(A5="","",IF(AA5=1,1,IF(Y5=1,2,IF(Z5=1,3,IF(AB5=1,4,5))))) -> 5 | AD5: =IF(A5="","",IF(K5="",'設定'!$C$37,K5)) -> 34.8 | AE5: =IF(A5="","",AC5*10000000-ROUND(ABS((AD5-'設定'!$C$37)/'設定'!$C$38)*10000,0)) -> 49979324 | AF5: =IF(A5="","",COUNTIF($AE$4:$AE$153,"<"&AE5)+COUNTIFS($AE$4:$AE$153,AE5,$A$4:$A$153,"<"&A5)+1) -> 30 | AG5: =IF(Q5="","",IFERROR(VALUE(LEFT(Q5,FIND(" ",Q5&" ")-1)),IFERROR(INDEX($A$4:$A$153,MATCH(Q5,$C$4:$C$153,0)),""))) | AH5: =IF(R5="","",IFERROR(VALUE(LEFT(R5,FIND(" ",R5&" ")-1)),IFERROR(INDEX($A$4:$A$153,MATCH(R5,$C$4:$C$153,0)),""))) | AI5: =IF(S5="","",IFERROR(VALUE(LEFT(S5,FIND(" ",S5&" ")-1)),IFERROR(INDEX($A$4:$A$153,MATCH(S5,$C$4:$C$153,0)),""))) | AJ5: =IF(OR(A5="",B5=""),"",IF(COUNTIFS($B$4:B5,B5,$A$4:A5,"<>")=1,MAX($AJ$3:AJ4)+1,"")) | AK5: =IF(OR(A5="",NOT(ISNUMBER(L5))),"",L5^2) -> 77.44 | AL5: =IF(OR(A5="",NOT(ISNUMBER(L5))),0,(L5-INDEX('計算'!$AE$7:$AG$7,X5))/INDEX('計算'!$AE$8:$AG$8,X5)) -> -0.10596535
A6: 2103 | B6: 1 | C6: 阿部 優奈 | D6: あべ ゆうな | E6: 女 | F6: 71 | G6: 66 | H6: 53 | I6: 62 | J6: 65 | K6: =IF(COUNT(F6:J6)=0,"",ROUND(AVERAGE(F6:J6),1)) -> 63.4 | L6: 7.4 | M6: × | U6: =IF(A6="","",INDEX('計算'!$Z$2:$Z$151,AF6)) -> 2 | V6: =IF(A6="","",IFERROR(IF(INDEX('②クラス編成'!$E$9:$E$158,MATCH(A6,'②クラス編成'!$D$9:$D$158,0))="","未",INDEX('②クラス編成'!$E$9:$E$158,MATCH(A6,'②クラス編成'!$D$9:$D$158,0))),"未")) -> 2 | W6: =IF(A6="","",A6&" "&C6) -> 2103 阿部 優奈 | X6: =IF(A6="","",IF(E6="男",1,IF(E6="女",2,3))) -> 2 | Y6: =IF(OR(M6="〇",M6="○",M6="◯"),1,0) -> 0 | Z6: =IF(OR(N6="〇",N6="○",N6="◯"),1,0) -> 0 | AA6: =IF(OR(O6="〇",O6="○",O6="◯"),1,0) -> 0 | AB6: =IF(OR(P6="〇",P6="○",P6="◯"),1,0) -> 0 | AC6: =IF(A6="","",IF(AA6=1,1,IF(Y6=1,2,IF(Z6=1,3,IF(AB6=1,4,5))))) -> 5 | AD6: =IF(A6="","",IF(K6="",'設定'!$C$37,K6)) -> 63.4 | AE6: =IF(A6="","",AC6*10000000-ROUND(ABS((AD6-'設定'!$C$37)/'設定'!$C$38)*10000,0)) -> 49999319 | AF6: =IF(A6="","",COUNTIF($AE$4:$AE$153,"<"&AE6)+COUNTIFS($AE$4:$AE$153,AE6,$A$4:$A$153,"<"&A6)+1) -> 99 | AG6: =IF(Q6="","",IFERROR(VALUE(LEFT(Q6,FIND(" ",Q6&" ")-1)),IFERROR(INDEX($A$4:$A$153,MATCH(Q6,$C$4:$C$153,0)),""))) | AH6: =IF(R6="","",IFERROR(VALUE(LEFT(R6,FIND(" ",R6&" ")-1)),IFERROR(INDEX($A$4:$A$153,MATCH(R6,$C$4:$C$153,0)),""))) | AI6: =IF(S6="","",IFERROR(VALUE(LEFT(S6,FIND(" ",S6&" ")-1)),IFERROR(INDEX($A$4:$A$153,MATCH(S6,$C$4:$C$153,0)),""))) | AJ6: =IF(OR(A6="",B6=""),"",IF(COUNTIFS($B$4:B6,B6,$A$4:A6,"<>")=1,MAX($AJ$3:AJ5)+1,"")) | AK6: =IF(OR(A6="",NOT(ISNUMBER(L6))),"",L6^2) -> 54.76 | AL6: =IF(OR(A6="",NOT(ISNUMBER(L6))),0,(L6-INDEX('計算'!$AE$7:$AG$7,X6))/INDEX('計算'!$AE$8:$AG$8,X6)) -> -2.3986703
A7: 2104 | B7: 1 | C7: 石井 彩花 | D7: いしい あやか | E7: 女 | F7: 42 | G7: 39 | H7: 40 | I7: 47 | J7: 49 | K7: =IF(COUNT(F7:J7)=0,"",ROUND(AVERAGE(F7:J7),1)) -> 43.4 | L7: 9.3 | M7: × | U7: =IF(A7="","",INDEX('計算'!$Z$2:$Z$151,AF7)) -> 1 | V7: =IF(A7="","",IFERROR(IF(INDEX('②クラス編成'!$E$9:$E$158,MATCH(A7,'②クラス編成'!$D$9:$D$158,0))="","未",INDEX('②クラス編成'!$E$9:$E$158,MATCH(A7,'②クラス編成'!$D$9:$D$158,0))),"未")) -> 1 | W7: =IF(A7="","",A7&" "&C7) -> 2104 石井 彩花 | X7: =IF(A7="","",IF(E7="男",1,IF(E7="女",2,3))) -> 2 | Y7: =IF(OR(M7="〇",M7="○",M7="◯"),1,0) -> 0 | Z7: =IF(OR(N7="〇",N7="○",N7="◯"),1,0) -> 0 | AA7: =IF(OR(O7="〇",O7="○",O7="◯"),1,0) -> 0 | AB7: =IF(OR(P7="〇",P7="○",P7="◯"),1,0) -> 0 | AC7: =IF(A7="","",IF(AA7=1,1,IF(Y7=1,2,IF(Z7=1,3,IF(AB7=1,4,5))))) -> 5 | AD7: =IF(A7="","",IF(K7="",'設定'!$C$37,K7)) -> 43.4 | AE7: =IF(A7="","",AC7*10000000-ROUND(ABS((AD7-'設定'!$C$37)/'設定'!$C$38)*10000,0)) -> 49985746 | AF7: =IF(A7="","",COUNTIF($AE$4:$AE$153,"<"&AE7)+COUNTIFS($AE$4:$AE$153,AE7,$A$4:$A$153,"<"&A7)+1) -> 36 | AG7: =IF(Q7="","",IFERROR(VALUE(LEFT(Q7,FIND(" ",Q7&" ")-1)),IFERROR(INDEX($A$4:$A$153,MATCH(Q7,$C$4:$C$153,0)),""))) | AH7: =IF(R7="","",IFERROR(VALUE(LEFT(R7,FIND(" ",R7&" ")-1)),IFERROR(INDEX($A$4:$A$153,MATCH(R7,$C$4:$C$153,0)),""))) | AI7: =IF(S7="","",IFERROR(VALUE(LEFT(S7,FIND(" ",S7&" ")-1)),IFERROR(INDEX($A$4:$A$153,MATCH(S7,$C$4:$C$153,0)),""))) | AJ7: =IF(OR(A7="",B7=""),"",IF(COUNTIFS($B$4:B7,B7,$A$4:A7,"<>")=1,MAX($AJ$3:AJ6)+1,"")) | AK7: =IF(OR(A7="",NOT(ISNUMBER(L7))),"",L7^2) -> 86.49 | AL7: =IF(OR(A7="",NOT(ISNUMBER(L7))),0,(L7-INDEX('計算'!$AE$7:$AG$7,X7))/INDEX('計算'!$AE$8:$AG$8,X7)) -> 0.71285784
A8: 2105 | B8: 1 | C8: 石井 駿 | D8: いしい しゅん | E8: 男 | F8: 40 | G8: 12 | H8: 17 | I8: 16 | J8: 12 | K8: =IF(COUNT(F8:J8)=0,"",ROUND(AVERAGE(F8:J8),1)) -> 19.4 | L8: 7.5 | M8: × | N8: 〇 | T8: 学級委員の経験あり | U8: =IF(A8="","",INDEX('計算'!$Z$2:$Z$151,AF8)) -> 2 | V8: =IF(A8="","",IFERROR(IF(INDEX('②クラス編成'!$E$9:$E$158,MATCH(A8,'②クラス編成'!$D$9:$D$158,0))="","未",INDEX('②クラス編成'!$E$9:$E$158,MATCH(A8,'②クラス編成'!$D$9:$D$158,0))),"未")) -> 2 | W8: =IF(A8="","",A8&" "&C8) -> 2105 石井 駿 | X8: =IF(A8="","",IF(E8="男",1,IF(E8="女",2,3))) -> 1 | Y8: =IF(OR(M8="〇",M8="○",M8="◯"),1,0) -> 0 | Z8: =IF(OR(N8="〇",N8="○",N8="◯"),1,0) -> 1 | AA8: =IF(OR(O8="〇",O8="○",O8="◯"),1,0) -> 0 | AB8: =IF(OR(P8="〇",P8="○",P8="◯"),1,0) -> 0 | AC8: =IF(A8="","",IF(AA8=1,1,IF(Y8=1,2,IF(Z8=1,3,IF(AB8=1,4,5))))) -> 3 | AD8: =IF(A8="","",IF(K8="",'設定'!$C$37,K8)) -> 19.4 | AE8: =IF(A8="","",AC8*10000000-ROUND(ABS((AD8-'設定'!$C$37)/'設定'!$C$38)*10000,0)) -> 29967823 | AF8: =IF(A8="","",COUNTIF($AE$4:$AE$153,"<"&AE8)+COUNTIFS($AE$4:$AE$153,AE8,$A$4:$A$153,"<"&A8)+1) -> 16 | AG8: =IF(Q8="","",IFERROR(VALUE(LEFT(Q8,FIND(" ",Q8&" ")-1)),IFERROR(INDEX($A$4:$A$153,MATCH(Q8,$C$4:$C$153,0)),""))) | AH8: =IF(R8="","",IFERROR(VALUE(LEFT(R8,FIND(" ",R8&" ")-1)),IFERROR(INDEX($A$4:$A$153,MATCH(R8,$C$4:$C$153,0)),""))) | AI8: =IF(S8="","",IFERROR(VALUE(LEFT(S8,FIND(" ",S8&" ")-1)),IFERROR(INDEX($A$4:$A$153,MATCH(S8,$C$4:$C$153,0)),""))) | AJ8: =IF(OR(A8="",B8=""),"",IF(COUNTIFS($B$4:B8,B8,$A$4:A8,"<>")=1,MAX($AJ$3:AJ7)+1,"")) | AK8: =IF(OR(A8="",NOT(ISNUMBER(L8))),"",L8^2) -> 56.25 | AL8: =IF(OR(A8="",NOT(ISNUMBER(L8))),0,(L8-INDEX('計算'!$AE$7:$AG$7,X8))/INDEX('計算'!$AE$8:$AG$8,X8)) -> -0.43410481
A9: 2106 | B9: 1 | C9: 石田 凛 | D9: いしだ りん | E9: 女 | F9: 92 | G9: 83 | H9: 76 | I9: 78 | J9: 64 | K9: =IF(COUNT(F9:J9)=0,"",ROUND(AVERAGE(F9:J9),1)) -> 78.6 | L9: 8.9 | M9: × | U9: =IF(A9="","",INDEX('計算'!$Z$2:$Z$151,AF9)) -> 3 | V9: =IF(A9="","",IFERROR(IF(INDEX('②クラス編成'!$E$9:$E$158,MATCH(A9,'②クラス編成'!$D$9:$D$158,0))="","未",INDEX('②クラス編成'!$E$9:$E$158,MATCH(A9,'②クラス編成'!$D$9:$D$158,0))),"未")) -> 3 | W9: =IF(A9="","",A9&" "&C9) -> 2106 石田 凛 | X9: =IF(A9="","",IF(E9="男",1,IF(E9="女",2,3))) -> 2 | Y9: =IF(OR(M9="〇",M9="○",M9="◯"),1,0) -> 0 | Z9: =IF(OR(N9="〇",N9="○",N9="◯"),1,0) -> 0 | AA9: =IF(OR(O9="〇",O9="○",O9="◯"),1,0) -> 0 | AB9: =IF(OR(P9="〇",P9="○",P9="◯"),1,0) -> 0 | AC9: =IF(A9="","",IF(AA9=1,1,IF(Y9=1,2,IF(Z9=1,3,IF(AB9=1,4,5))))) -> 5 | AD9: =IF(A9="","",IF(K9="",'設定'!$C$37,K9)) -> 78.6 | AE9: =IF(A9="","",AC9*10000000-ROUND(ABS((AD9-'設定'!$C$37)/'設定'!$C$38)*10000,0)) -> 49987968 | AF9: =IF(A9="","",COUNTIF($AE$4:$AE$153,"<"&AE9)+COUNTIFS($AE$4:$AE$153,AE9,$A$4:$A$153,"<"&A9)+1) -> 42 | AG9: =IF(Q9="","",IFERROR(VALUE(LEFT(Q9,FIND(" ",Q9&" ")-1)),IFERROR(INDEX($A$4:$A$153,MATCH(Q9,$C$4:$C$153,0)),""))) | AH9: =IF(R9="","",IFERROR(VALUE(LEFT(R9,FIND(" ",R9&" ")-1)),IFERROR(INDEX($A$4:$A$153,MATCH(R9,$C$4:$C$153,0)),""))) | AI9: =IF(S9="","",IFERROR(VALUE(LEFT(S9,FIND(" ",S9&" ")-1)),IFERROR(INDEX($A$4:$A$153,MATCH(S9,$C$4:$C$153,0)),""))) | AJ9: =IF(OR(A9="",B9=""),"",IF(COUNTIFS($B$4:B9,B9,$A$4:A9,"<>")=1,MAX($AJ$3:AJ8)+1,"")) | AK9: =IF(OR(A9="",NOT(ISNUMBER(L9))),"",L9^2) -> 79.21 | AL9: =IF(OR(A9="",NOT(ISNUMBER(L9))),0,(L9-INDEX('計算'!$AE$7:$AG$7,X9))/INDEX('計算'!$AE$8:$AG$8,X9)) -> 0.057799284
A10: 2107 | B10: 1 | C10: 井上 沙耶 | D10: いのうえ さや | E10: 女 | F10: 70 | G10: 85 | H10: 84 | I10: 76 | J10: 73 | K10: =IF(COUNT(F10:J10)=0,"",ROUND(AVERAGE(F10:J10),1)) -> 77.6 | L10: 9.9 | M10: × | U10: =IF(A10="","",INDEX('計算'!$Z$2:$Z$151,AF10)) -> 2 | V10: =IF(A10="","",IFERROR(IF(INDEX('②クラス編成'!$E$9:$E$158,MATCH(A10,'②クラス編成'!$D$9:$D$158,0))="","未",INDEX('②クラス編成'!$E$9:$E$158,MATCH(A10,'②クラス編成'!$D$9:$D$158,0))),"未")) -> 2 | W10: =IF(A10="","",A10&" "&C10) -> 2107 井上 沙耶 | X10: =IF(A10="","",IF(E10="男",1,IF(E10="女",2,3))) -> 2 | Y10: =IF(OR(M10="〇",M10="○",M10="◯"),1,0) -> 0 | Z10: =IF(OR(N10="〇",N10="○",N10="◯"),1,0) -> 0 | AA10: =IF(OR(O10="〇",O10="○",O10="◯"),1,0) -> 0 | AB10: =IF(OR(P10="〇",P10="○",P10="◯"),1,0) -> 0 | AC10: =IF(A10="","",IF(AA10=1,1,IF(Y10=1,2,IF(Z10=1,3,IF(AB10=1,4,5))))) -> 5 | AD10: =IF(A10="","",IF(K10="",'設定'!$C$37,K10)) -> 77.6 | AE10: =IF(A10="","",AC10*10000000-ROUND(ABS((AD10-'設定'!$C$37)/'設定'!$C$38)*10000,0)) -> 49988714 | AF10: =IF(A10="","",COUNTIF($AE$4:$AE$153,"<"&AE10)+COUNTIFS($AE$4:$AE$153,AE10,$A$4:$A$153,"<"&A10)+1) -> 47 | AG10: =IF(Q10="","",IFERROR(VALUE(LEFT(Q10,FIND(" ",Q10&" ")-1)),IFERROR(INDEX($A$4:$A$153,MATCH(Q10,$C$4:$C$153,0)),""))) | AH10: =IF(R10="","",IFERROR(VALUE(LEFT(R10,FIND(" ",R10&" ")-1)),IFERROR(INDEX($A$4:$A$153,MATCH(R10,$C$4:$C$153,0)),""))) | AI10: =IF(S10="","",IFERROR(VALUE(LEFT(S10,FIND(" ",S10&" ")-1)),IFERROR(INDEX($A$4:$A$153,MATCH(S10,$C$4:$C$153,0)),""))) | AJ10: =IF(OR(A10="",B10=""),"",IF(COUNTIFS($B$4:B10,B10,$A$4:A10,"<>")=1,MAX($AJ$3:AJ9)+1,"")) | AK10: =IF(OR(A10="",NOT(ISNUMBER(L10))),"",L10^2) -> 98.01 | AL10: =IF(OR(A10="",NOT(ISNUMBER(L10))),0,(L10-INDEX('計算'!$AE$7:$AG$7,X10))/INDEX('計算'!$AE$8:$AG$8,X10)) -> 1.6954457
A11: 2108 | B11: 1 | C11: 井上 陸 | D11: いのうえ りく | E11: 男 | F11: 45 | G11: 48 | H11: 42 | I11: 47 | J11: 57 | K11: =IF(COUNT(F11:J11)=0,"",ROUND(AVERAGE(F11:J11),1)) -> 47.8 | L11: 7 | M11: × | T11: 部活：陸上 | U11: =IF(A11="","",INDEX('計算'!$Z$2:$Z$151,AF11)) -> 1 | V11: =IF(A11="","",IFERROR(IF(INDEX('②クラス編成'!$E$9:$E$158,MATCH(A11,'②クラス編成'!$D$9:$D$158,0))="","未",INDEX('②クラス編成'!$E$9:$E$158,MATCH(A11,'②クラス編成'!$D$9:$D$158,0))),"未")) -> 1 | W11: =IF(A11="","",A11&" "&C11) -> 2108 井上 陸 | X11: =IF(A11="","",IF(E11="男",1,IF(E11="女",2,3))) -> 1 | Y11: =IF(OR(M11="〇",M11="○",M11="◯"),1,0) -> 0 | Z11: =IF(OR(N11="〇",N11="○",N11="◯"),1,0) -> 0 | AA11: =IF(OR(O11="〇",O11="○",O11="◯"),1,0) -> 0 | AB11: =IF(OR(P11="〇",P11="○",P11="◯"),1,0) -> 0 | AC11: =IF(A11="","",IF(AA11=1,1,IF(Y11=1,2,IF(Z11=1,3,IF(AB11=1,4,5))))) -> 5 | AD11: =IF(A11="","",IF(K11="",'設定'!$C$37,K11)) -> 47.8 | AE11: =IF(A11="","",AC11*10000000-ROUND(ABS((AD11-'設定'!$C$37)/'設定'!$C$38)*10000,0)) -> 49989032 | AF11: =IF(A11="","",COUNTIF($AE$4:$AE$153,"<"&AE11)+COUNTIFS($AE$4:$AE$153,AE11,$A$4:$A$153,"<"&A11)+1) -> 50 | AG11: =IF(Q11="","",IFERROR(VALUE(LEFT(Q11,FIND(" ",Q11&" ")-1)),IFERROR(INDEX($A$4:$A$153,MATCH(Q11,$C$4:$C$153,0)),""))) | AH11: =IF(R11="","",IFERROR(VALUE(LEFT(R11,FIND(" ",R11&" ")-1)),IFERROR(INDEX($A$4:$A$153,MATCH(R11,$C$4:$C$153,0)),""))) | AI11: =IF(S11="","",IFERROR(VALUE(LEFT(S11,FIND(" ",S11&" ")-1)),IFERROR(INDEX($A$4:$A$153,MATCH(S11,$C$4:$C$153,0)),""))) | AJ11: =IF(OR(A11="",B11=""),"",IF(COUNTIFS($B$4:B11,B11,$A$4:A11,"<>")=1,MAX($AJ$3:AJ10)+1,"")) | AK11: =IF(OR(A11="",NOT(ISNUMBER(L11))),"",L11^2) -> 49 | AL11: =IF(OR(A11="",NOT(ISNUMBER(L11))),0,(L11-INDEX('計算'!$AE$7:$AG$7,X11))/INDEX('計算'!$AE$8:$AG$8,X11)) -> -1.5720495
A12: 2109 | B12: 1 | C12: 江頭 智也 | D12: えがしら ともや | E12: 男 | F12: 76 | G12: 72 | H12: 67 | I12: 54 | J12: 42 | K12: =IF(COUNT(F12:J12)=0,"",ROUND(AVERAGE(F12:J12),1)) -> 62.2 | L12: 8 | M12: × | U12: =IF(A12="","",INDEX('計算'!$Z$2:$Z$151,AF12)) -> 3 | V12: =IF(A12="","",IFERROR(IF(INDEX('②クラス編成'!$E$9:$E$158,MATCH(A12,'②クラス編成'!$D$9:$D$158,0))="","未",INDEX('②クラス編成'!$E$9:$E$158,MATCH(A12,'②クラス編成'!$D$9:$D$158,0))),"未")) -> 3 | W12: =IF(A12="","",A12&" "&C12) -> 2109 江頭 智也 | X12: =IF(A12="","",IF(E12="男",1,IF(E12="女",2,3))) -> 1 | Y12: =IF(OR(M12="〇",M12="○",M12="◯"),1,0) -> 0 | Z12: =IF(OR(N12="〇",N12="○",N12="◯"),1,0) -> 0 | AA12: =IF(OR(O12="〇",O12="○",O12="◯"),1,0) -> 0 | AB12: =IF(OR(P12="〇",P12="○",P12="◯"),1,0) -> 0 | AC12: =IF(A12="","",IF(AA12=1,1,IF(Y12=1,2,IF(Z12=1,3,IF(AB12=1,4,5))))) -> 5 | AD12: =IF(A12="","",IF(K12="",'設定'!$C$37,K12)) -> 62.2 | AE12: =IF(A12="","",AC12*10000000-ROUND(ABS((AD12-'設定'!$C$37)/'設定'!$C$38)*10000,0)) -> 49999785 | AF12: =IF(A12="","",COUNTIF($AE$4:$AE$153,"<"&AE12)+COUNTIFS($AE$4:$AE$153,AE12,$A$4:$A$153,"<"&A12)+1) -> 104 | AG12: =IF(Q12="","",IFERROR(VALUE(LEFT(Q12,FIND(" ",Q12&" ")-1)),IFERROR(INDEX($A$4:$A$153,MATCH(Q12,$C$4:$C$153,0)),""))) | AH12: =IF(R12="","",IFERROR(VALUE(LEFT(R12,FIND(" ",R12&" ")-1)),IFERROR(INDEX($A$4:$A$153,MATCH(R12,$C$4:$C$153,0)),""))) | AI12: =IF(S12="","",IFERROR(VALUE(LEFT(S12,FIND(" ",S12&" ")-1)),IFERROR(INDEX($A$4:$A$153,MATCH(S12,$C$4:$C$153,0)),""))) | AJ12: =IF(OR(A12="",B12=""),"",IF(COUNTIFS($B$4:B12,B12,$A$4:A12,"<>")=1,MAX($AJ$3:AJ11)+1,"")) | AK12: =IF(OR(A12="",NOT(ISNUMBER(L12))),"",L12^2) -> 64 | AL12: =IF(OR(A12="",NOT(ISNUMBER(L12))),0,(L12-INDEX('計算'!$AE$7:$AG$7,X12))/INDEX('計算'!$AE$8:$AG$8,X12)) -> 0.70383984
A13: 2110 | B13: 1 | C13: 遠藤 大翔 | D13: えんどう ひろと | E13: 男 | F13: 80 | G13: 70 | H13: 59 | I13: 62 | J13: 57 | K13: =IF(COUNT(F13:J13)=0,"",ROUND(AVERAGE(F13:J13),1)) -> 65.6 | L13: 7.6 | M13: × | U13: =IF(A13="","",INDEX('計算'!$Z$2:$Z$151,AF13)) -> 1 | V13: =IF(A13="","",IFERROR(IF(INDEX('②クラス編成'!$E$9:$E$158,MATCH(A13,'②クラス編成'!$D$9:$D$158,0))="","未",INDEX('②クラス編成'!$E$9:$E$158,MATCH(A13,'②クラス編成'!$D$9:$D$158,0))),"未")) -> 1 | W13: =IF(A13="","",A13&" "&C13) -> 2110 遠藤 大翔 | X13: =IF(A13="","",IF(E13="男",1,IF(E13="女",2,3))) -> 1 | Y13: =IF(OR(M13="〇",M13="○",M13="◯"),1,0) -> 0 | Z13: =IF(OR(N13="〇",N13="○",N13="◯"),1,0) -> 0 | AA13: =IF(OR(O13="〇",O13="○",O13="◯"),1,0) -> 0 | AB13: =IF(OR(P13="〇",P13="○",P13="◯"),1,0) -> 0 | AC13: =IF(A13="","",IF(AA13=1,1,IF(Y13=1,2,IF(Z13=1,3,IF(AB13=1,4,5))))) -> 5 | AD13: =IF(A13="","",IF(K13="",'設定'!$C$37,K13)) -> 65.6 | AE13: =IF(A13="","",AC13*10000000-ROUND(ABS((AD13-'設定'!$C$37)/'設定'!$C$38)*10000,0)) -> 49997676 | AF13: =IF(A13="","",COUNTIF($AE$4:$AE$153,"<"&AE13)+COUNTIFS($AE$4:$AE$153,AE13,$A$4:$A$153,"<"&A13)+1) -> 92 | AG13: =IF(Q13="","",IFERROR(VALUE(LEFT(Q13,FIND(" ",Q13&" ")-1)),IFERROR(INDEX($A$4:$A$153,MATCH(Q13,$C$4:$C$153,0)),""))) | AH13: =IF(R13="","",IFERROR(VALUE(LEFT(R13,FIND(" ",R13&" ")-1)),IFERROR(INDEX($A$4:$A$153,MATCH(R13,$C$4:$C$153,0)),""))) | AI13: =IF(S13="","",IFERROR(VALUE(LEFT(S13,FIND(" ",S13&" ")-1)),IFERROR(INDEX($A$4:$A$153,MATCH(S13,$C$4:$C$153,0)),""))) | AJ13: =IF(OR(A13="",B13=""),"",IF(COUNTIFS($B$4:B13,B13,$A$4:A13,"<>")=1,MAX($AJ$3:AJ12)+1,"")) | AK13: =IF(OR(A13="",NOT(ISNUMBER(L13))),"",L13^2) -> 57.76 | AL13: =IF(OR(A13="",NOT(ISNUMBER(L13))),0,(L13-INDEX('計算'!$AE$7:$AG$7,X13))/INDEX('計算'!$AE$8:$AG$8,X13)) -> -0.20651588
A14: 2111 | B14: 1 | C14: 太田 大翔 | D14: おおた ひろと | E14: 男 | F14: 63 | G14: 66 | H14: 71 | I14: 79 | J14: 63 | K14: =IF(COUNT(F14:J14)=0,"",ROUND(AVERAGE(F14:J14),1)) -> 68.4 | L14: 8 | M14: × | U14: =IF(A14="","",INDEX('計算'!$Z$2:$Z$151,AF14)) -> 3 | V14: =IF(A14="","",IFERROR(IF(INDEX('②クラス編成'!$E$9:$E$158,MATCH(A14,'②クラス編成'!$D$9:$D$158,0))="","未",INDEX('②クラス編成'!$E$9:$E$158,MATCH(A14,'②クラス編成'!$D$9:$D$158,0))),"未")) -> 3 | W14: =IF(A14="","",A14&" "&C14) -> 2111 太田 大翔 | X14: =IF(A14="","",IF(E14="男",1,IF(E14="女",2,3))) -> 1 | Y14: =IF(OR(M14="〇",M14="○",M14="◯"),1,0) -> 0 | Z14: =IF(OR(N14="〇",N14="○",N14="◯"),1,0) -> 0 | AA14: =IF(OR(O14="〇",O14="○",O14="◯"),1,0) -> 0 | AB14: =IF(OR(P14="〇",P14="○",P14="◯"),1,0) -> 0 | AC14: =IF(A14="","",IF(AA14=1,1,IF(Y14=1,2,IF(Z14=1,3,IF(AB14=1,4,5))))) -> 5 | AD14: =IF(A14="","",IF(K14="",'設定'!$C$37,K14)) -> 68.4 | AE14: =IF(A14="","",AC14*10000000-ROUND(ABS((AD14-'設定'!$C$37)/'設定'!$C$38)*10000,0)) -> 49995585 | AF14: =IF(A14="","",COUNTIF($AE$4:$AE$153,"<"&AE14)+COUNTIFS($AE$4:$AE$153,AE14,$A$4:$A$153,"<"&A14)+1) -> 84 | AG14: =IF(Q14="","",IFERROR(VALUE(LEFT(Q14,FIND(" ",Q14&" ")-1)),IFERROR(INDEX($A$4:$A$153,MATCH(Q14,$C$4:$C$153,0)),""))) | AH14: =IF(R14="","",IFERROR(VALUE(LEFT(R14,FIND(" ",R14&" ")-1)),IFERROR(INDEX($A$4:$A$153,MATCH(R14,$C$4:$C$153,0)),""))) | AI14: =IF(S14="","",IFERROR(VALUE(LEFT(S14,FIND(" ",S14&" ")-1)),IFERROR(INDEX($A$4:$A$153,MATCH(S14,$C$4:$C$153,0)),""))) | AJ14: =IF(OR(A14="",B14=""),"",IF(COUNTIFS($B$4:B14,B14,$A$4:A14,"<>")=1,MAX($AJ$3:AJ13)+1,"")) | AK14: =IF(OR(A14="",NOT(ISNUMBER(L14))),"",L14^2) -> 64 | AL14: =IF(OR(A14="",NOT(ISNUMBER(L14))),0,(L14-INDEX('計算'!$AE$7:$AG$7,X14))/INDEX('計算'!$AE$8:$AG$8,X14)) -> 0.70383984
A15: 2112 | B15: 1 | C15: 加藤 航 | D15: かとう わたる | E15: 男 | F15: 66 | G15: 82 | H15: 70 | I15: 82 | J15: 83 | K15: =IF(COUNT(F15:J15)=0,"",ROUND(AVERAGE(F15:J15),1)) -> 76.6 | L15: 7.2 | M15: × | U15: =IF(A15="","",INDEX('計算'!$Z$2:$Z$151,AF15)) -> 1 | V15: =IF(A15="","",IFERROR(IF(INDEX('②クラス編成'!$E$9:$E$158,MATCH(A15,'②クラス編成'!$D$9:$D$158,0))="","未",INDEX('②クラス編成'!$E$9:$E$158,MATCH(A15,'②クラス編成'!$D$9:$D$158,0))),"未")) -> 1 | W15: =IF(A15="","",A15&" "&C15) -> 2112 加藤 航 | X15: =IF(A15="","",IF(E15="男",1,IF(E15="女",2,3))) -> 1 | Y15: =IF(OR(M15="〇",M15="○",M15="◯"),1,0) -> 0 | Z15: =IF(OR(N15="〇",N15="○",N15="◯"),1,0) -> 0 | AA15: =IF(OR(O15="〇",O15="○",O15="◯"),1,0) -> 0 | AB15: =IF(OR(P15="〇",P15="○",P15="◯"),1,0) -> 0 | AC15: =IF(A15="","",IF(AA15=1,1,IF(Y15=1,2,IF(Z15=1,3,IF(AB15=1,4,5))))) -> 5 | AD15: =IF(A15="","",IF(K15="",'設定'!$C$37,K15)) -> 76.6 | AE15: =IF(A15="","",AC15*10000000-ROUND(ABS((AD15-'設定'!$C$37)/'設定'!$C$38)*10000,0)) -> 49989461 | AF15: =IF(A15="","",COUNTIF($AE$4:$AE$153,"<"&AE15)+COUNTIFS($AE$4:$AE$153,AE15,$A$4:$A$153,"<"&A15)+1) -> 54 | AG15: =IF(Q15="","",IFERROR(VALUE(LEFT(Q15,FIND(" ",Q15&" ")-1)),IFERROR(INDEX($A$4:$A$153,MATCH(Q15,$C$4:$C$153,0)),""))) | AH15: =IF(R15="","",IFERROR(VALUE(LEFT(R15,FIND(" ",R15&" ")-1)),IFERROR(INDEX($A$4:$A$153,MATCH(R15,$C$4:$C$153,0)),""))) | AI15: =IF(S15="","",IFERROR(VALUE(LEFT(S15,FIND(" ",S15&" ")-1)),IFERROR(INDEX($A$4:$A$153,MATCH(S15,$C$4:$C$153,0)),""))) | AJ15: =IF(OR(A15="",B15=""),"",IF(COUNTIFS($B$4:B15,B15,$A$4:A15,"<>")=1,MAX($AJ$3:AJ14)+1,"")) | AK15: =IF(OR(A15="",NOT(ISNUMBER(L15))),"",L15^2) -> 51.84 | AL15: =IF(OR(A15="",NOT(ISNUMBER(L15))),0,(L15-INDEX('計算'!$AE$7:$AG$7,X15))/INDEX('計算'!$AE$8:$AG$8,X15)) -> -1.1168716
A16: 2113 | B16: 1 | C16: 北川 朝陽 | D16: きたがわ あさひ | E16: 男 | F16: 54 | G16: 47 | H16: 47 | I16: 38 | J16: 46 | K16: =IF(COUNT(F16:J16)=0,"",ROUND(AVERAGE(F16:J16),1)) -> 46.4 | L16: 6.6 | M16: × | U16: =IF(A16="","",INDEX('計算'!$Z$2:$Z$151,AF16)) -> 3 | V16: =IF(A16="","",IFERROR(IF(INDEX('②クラス編成'!$E$9:$E$158,MATCH(A16,'②クラス編成'!$D$9:$D$158,0))="","未",INDEX('②クラス編成'!$E$9:$E$158,MATCH(A16,'②クラス編成'!$D$9:$D$158,0))),"未")) -> 3 | W16: =IF(A16="","",A16&" "&C16) -> 2113 北川 朝陽 | X16: =IF(A16="","",IF(E16="男",1,IF(E16="女",2,3))) -> 1 | Y16: =IF(OR(M16="〇",M16="○",M16="◯"),1,0) -> 0 | Z16: =IF(OR(N16="〇",N16="○",N16="◯"),1,0) -> 0 | AA16: =IF(OR(O16="〇",O16="○",O16="◯"),1,0) -> 0 | AB16: =IF(OR(P16="〇",P16="○",P16="◯"),1,0) -> 0 | AC16: =IF(A16="","",IF(AA16=1,1,IF(Y16=1,2,IF(Z16=1,3,IF(AB16=1,4,5))))) -> 5 | AD16: =IF(A16="","",IF(K16="",'設定'!$C$37,K16)) -> 46.4 | AE16: =IF(A16="","",AC16*10000000-ROUND(ABS((AD16-'設定'!$C$37)/'設定'!$C$38)*10000,0)) -> 49987986 | AF16: =IF(A16="","",COUNTIF($AE$4:$AE$153,"<"&AE16)+COUNTIFS($AE$4:$AE$153,AE16,$A$4:$A$153,"<"&A16)+1) -> 44 | AG16: =IF(Q16="","",IFERROR(VALUE(LEFT(Q16,FIND(" ",Q16&" ")-1)),IFERROR(INDEX($A$4:$A$153,MATCH(Q16,$C$4:$C$153,0)),""))) | AH16: =IF(R16="","",IFERROR(VALUE(LEFT(R16,FIND(" ",R16&" ")-1)),IFERROR(INDEX($A$4:$A$153,MATCH(R16,$C$4:$C$153,0)),""))) | AI16: =IF(S16="","",IFERROR(VALUE(LEFT(S16,FIND(" ",S16&" ")-1)),IFERROR(INDEX($A$4:$A$153,MATCH(S16,$C$4:$C$153,0)),""))) | AJ16: =IF(OR(A16="",B16=""),"",IF(COUNTIFS($B$4:B16,B16,$A$4:A16,"<>")=1,MAX($AJ$3:AJ15)+1,"")) | AK16: =IF(OR(A16="",NOT(ISNUMBER(L16))),"",L16^2) -> 43.56 | AL16: =IF(OR(A16="",NOT(ISNUMBER(L16))),0,(L16-INDEX('計算'!$AE$7:$AG$7,X16))/INDEX('計算'!$AE$8:$AG$8,X16)) -> -2.4824052
A17: 2114 | B17: 1 | C17: 酒井 芽依 | D17: さかい めい | E17: 女 | F17: 58 | G17: 58 | H17: 46 | I17: 69 | J17: 53 | K17: =IF(COUNT(F17:J17)=0,"",ROUND(AVERAGE(F17:J17),1)) -> 56.8 | L17: 8.7 | M17: × | Q17: 2112 加藤 航 | R17: 2126 三浦 美桜 | U17: =IF(A17="","",INDEX('計算'!$Z$2:$Z$151,AF17)) -> 3 | V17: =IF(A17="","",IFERROR(IF(INDEX('②クラス編成'!$E$9:$E$158,MATCH(A17,'②クラス編成'!$D$9:$D$158,0))="","未",INDEX('②クラス編成'!$E$9:$E$158,MATCH(A17,'②クラス編成'!$D$9:$D$158,0))),"未")) -> 3 | W17: =IF(A17="","",A17&" "&C17) -> 2114 酒井 芽依 | X17: =IF(A17="","",IF(E17="男",1,IF(E17="女",2,3))) -> 2 | Y17: =IF(OR(M17="〇",M17="○",M17="◯"),1,0) -> 0 | Z17: =IF(OR(N17="〇",N17="○",N17="◯"),1,0) -> 0 | AA17: =IF(OR(O17="〇",O17="○",O17="◯"),1,0) -> 0 | AB17: =IF(OR(P17="〇",P17="○",P17="◯"),1,0) -> 0 | AC17: =IF(A17="","",IF(AA17=1,1,IF(Y17=1,2,IF(Z17=1,3,IF(AB17=1,4,5))))) -> 5 | AD17: =IF(A17="","",IF(K17="",'設定'!$C$37,K17)) -> 56.8 | AE17: =IF(A17="","",AC17*10000000-ROUND(ABS((AD17-'設定'!$C$37)/'設定'!$C$38)*10000,0)) -> 49995753 | AF17: =IF(A17="","",COUNTIF($AE$4:$AE$153,"<"&AE17)+COUNTIFS($AE$4:$AE$153,AE17,$A$4:$A$153,"<"&A17)+1) -> 86 | AG17: =IF(Q17="","",IFERROR(VALUE(LEFT(Q17,FIND(" ",Q17&" ")-1)),IFERROR(INDEX($A$4:$A$153,MATCH(Q17,$C$4:$C$153,0)),""))) -> 2112 | AH17: =IF(R17="","",IFERROR(VALUE(LEFT(R17,FIND(" ",R17&" ")-1)),IFERROR(INDEX($A$4:$A$153,MATCH(R17,$C$4:$C$153,0)),""))) -> 2126 | AI17: =IF(S17="","",IFERROR(VALUE(LEFT(S17,FIND(" ",S17&" ")-1)),IFERROR(INDEX($A$4:$A$153,MATCH(S17,$C$4:$C$153,0)),""))) | AJ17: =IF(OR(A17="",B17=""),"",IF(COUNTIFS($B$4:B17,B17,$A$4:A17,"<>")=1,MAX($AJ$3:AJ16)+1,"")) | AK17: =IF(OR(A17="",NOT(ISNUMBER(L17))),"",L17^2) -> 75.69 | AL17: =IF(OR(A17="",NOT(ISNUMBER(L17))),0,(L17-INDEX('計算'!$AE$7:$AG$7,X17))/INDEX('計算'!$AE$8:$AG$8,X17)) -> -0.26972999
A18: 2115 | B18: 1 | C18: 佐々木 理沙 | D18: ささき りさ | E18: 女 | F18: 63 | G18: 71 | H18: 68 | I18: 57 | J18: 72 | K18: =IF(COUNT(F18:J18)=0,"",ROUND(AVERAGE(F18:J18),1)) -> 66.2 | L18: 9.4 | M18: × | U18: =IF(A18="","",INDEX('計算'!$Z$2:$Z$151,AF18)) -> 3 | V18: =IF(A18="","",IFERROR(IF(INDEX('②クラス編成'!$E$9:$E$158,MATCH(A18,'②クラス編成'!$D$9:$D$158,0))="","未",INDEX('②クラス編成'!$E$9:$E$158,MATCH(A18,'②クラス編成'!$D$9:$D$158,0))),"未")) -> 3 | W18: =IF(A18="","",A18&" "&C18) -> 2115 佐々木 理沙 | X18: =IF(A18="","",IF(E18="男",1,IF(E18="女",2,3))) -> 2 | Y18: =IF(OR(M18="〇",M18="○",M18="◯"),1,0) -> 0 | Z18: =IF(OR(N18="〇",N18="○",N18="◯"),1,0) -> 0 | AA18: =IF(OR(O18="〇",O18="○",O18="◯"),1,0) -> 0 | AB18: =IF(OR(P18="〇",P18="○",P18="◯"),1,0) -> 0 | AC18: =IF(A18="","",IF(AA18=1,1,IF(Y18=1,2,IF(Z18=1,3,IF(AB18=1,4,5))))) -> 5 | AD18: =IF(A18="","",IF(K18="",'設定'!$C$37,K18)) -> 66.2 | AE18: =IF(A18="","",AC18*10000000-ROUND(ABS((AD18-'設定'!$C$37)/'設定'!$C$38)*10000,0)) -> 49997228 | AF18: =IF(A18="","",COUNTIF($AE$4:$AE$153,"<"&AE18)+COUNTIFS($AE$4:$AE$153,AE18,$A$4:$A$153,"<"&A18)+1) -> 88 | AG18: =IF(Q18="","",IFERROR(VALUE(LEFT(Q18,FIND(" ",Q18&" ")-1)),IFERROR(INDEX($A$4:$A$153,MATCH(Q18,$C$4:$C$153,0)),""))) | AH18: =IF(R18="","",IFERROR(VALUE(LEFT(R18,FIND(" ",R18&" ")-1)),IFERROR(INDEX($A$4:$A$153,MATCH(R18,$C$4:$C$153,0)),""))) | AI18: =IF(S18="","",IFERROR(VALUE(LEFT(S18,FIND(" ",S18&" ")-1)),IFERROR(INDEX($A$4:$A$153,MATCH(S18,$C$4:$C$153,0)),""))) | AJ18: =IF(OR(A18="",B18=""),"",IF(COUNTIFS($B$4:B18,B18,$A$4:A18,"<>")=1,MAX($AJ$3:AJ17)+1,"")) | AK18: =IF(OR(A18="",NOT(ISNUMBER(L18))),"",L18^2) -> 88.36 | AL18: =IF(OR(A18="",NOT(ISNUMBER(L18))),0,(L18-INDEX('計算'!$AE$7:$AG$7,X18))/INDEX('計算'!$AE$8:$AG$8,X18)) -> 0.87662247
A19: 2116 | B19: 1 | C19: 柴田 誠 | D19: しばた まこと | E19: 男 | F19: 36 | G19: 46 | H19: 42 | I19: 53 | J19: 62 | K19: =IF(COUNT(F19:J19)=0,"",ROUND(AVERAGE(F19:J19),1)) -> 47.8 | L19: 7.9 | M19: × | U19: =IF(A19="","",INDEX('計算'!$Z$2:$Z$151,AF19)) -> 2 | V19: =IF(A19="","",IFERROR(IF(INDEX('②クラス編成'!$E$9:$E$158,MATCH(A19,'②クラス編成'!$D$9:$D$158,0))="","未",INDEX('②クラス編成'!$E$9:$E$158,MATCH(A19,'②クラス編成'!$D$9:$D$158,0))),"未")) -> 2 | W19: =IF(A19="","",A19&" "&C19) -> 2116 柴田 誠 | X19: =IF(A19="","",IF(E19="男",1,IF(E19="女",2,3))) -> 1 | Y19: =IF(OR(M19="〇",M19="○",M19="◯"),1,0) -> 0 | Z19: =IF(OR(N19="〇",N19="○",N19="◯"),1,0) -> 0 | AA19: =IF(OR(O19="〇",O19="○",O19="◯"),1,0) -> 0 | AB19: =IF(OR(P19="〇",P19="○",P19="◯"),1,0) -> 0 | AC19: =IF(A19="","",IF(AA19=1,1,IF(Y19=1,2,IF(Z19=1,3,IF(AB19=1,4,5))))) -> 5 | AD19: =IF(A19="","",IF(K19="",'設定'!$C$37,K19)) -> 47.8 | AE19: =IF(A19="","",AC19*10000000-ROUND(ABS((AD19-'設定'!$C$37)/'設定'!$C$38)*10000,0)) -> 49989032 | AF19: =IF(A19="","",COUNTIF($AE$4:$AE$153,"<"&AE19)+COUNTIFS($AE$4:$AE$153,AE19,$A$4:$A$153,"<"&A19)+1) -> 51 | AG19: =IF(Q19="","",IFERROR(VALUE(LEFT(Q19,FIND(" ",Q19&" ")-1)),IFERROR(INDEX($A$4:$A$153,MATCH(Q19,$C$4:$C$153,0)),""))) | AH19: =IF(R19="","",IFERROR(VALUE(LEFT(R19,FIND(" ",R19&" ")-1)),IFERROR(INDEX($A$4:$A$153,MATCH(R19,$C$4:$C$153,0)),""))) | AI19: =IF(S19="","",IFERROR(VALUE(LEFT(S19,FIND(" ",S19&" ")-1)),IFERROR(INDEX($A$4:$A$153,MATCH(S19,$C$4:$C$153,0)),""))) | AJ19: =IF(OR(A19="",B19=""),"",IF(COUNTIFS($B$4:B19,B19,$A$4:A19,"<>")=1,MAX($AJ$3:AJ18)+1,"")) | AK19: =IF(OR(A19="",NOT(ISNUMBER(L19))),"",L19^2) -> 62.41 | AL19: =IF(OR(A19="",NOT(ISNUMBER(L19))),0,(L19-INDEX('計算'!$AE$7:$AG$7,X19))/INDEX('計算'!$AE$8:$AG$8,X19)) -> 0.47625091
A20: 2117 | B20: 1 | C20: 鈴木 誠 | D20: すずき まこと | E20: 男 | F20: 68 | G20: 71 | H20: 83 | I20: 55 | J20: 100 | K20: =IF(COUNT(F20:J20)=0,"",ROUND(AVERAGE(F20:J20),1)) -> 75.4 | L20: 7.4 | M20: × | P20: 〇 | U20: =IF(A20="","",INDEX('計算'!$Z$2:$Z$151,AF20)) -> 1 | V20: =IF(A20="","",IFERROR(IF(INDEX('②クラス編成'!$E$9:$E$158,MATCH(A20,'②クラス編成'!$D$9:$D$158,0))="","未",INDEX('②クラス編成'!$E$9:$E$158,MATCH(A20,'②クラス編成'!$D$9:$D$158,0))),"未")) -> 1 | W20: =IF(A20="","",A20&" "&C20) -> 2117 鈴木 誠 | X20: =IF(A20="","",IF(E20="男",1,IF(E20="女",2,3))) -> 1 | Y20: =IF(OR(M20="〇",M20="○",M20="◯"),1,0) -> 0 | Z20: =IF(OR(N20="〇",N20="○",N20="◯"),1,0) -> 0 | AA20: =IF(OR(O20="〇",O20="○",O20="◯"),1,0) -> 0 | AB20: =IF(OR(P20="〇",P20="○",P20="◯"),1,0) -> 1 | AC20: =IF(A20="","",IF(AA20=1,1,IF(Y20=1,2,IF(Z20=1,3,IF(AB20=1,4,5))))) -> 4 | AD20: =IF(A20="","",IF(K20="",'設定'!$C$37,K20)) -> 75.4 | AE20: =IF(A20="","",AC20*10000000-ROUND(ABS((AD20-'設定'!$C$37)/'設定'!$C$38)*10000,0)) -> 39990357 | AF20: =IF(A20="","",COUNTIF($AE$4:$AE$153,"<"&AE20)+COUNTIFS($AE$4:$AE$153,AE20,$A$4:$A$153,"<"&A20)+1) -> 27 | AG20: =IF(Q20="","",IFERROR(VALUE(LEFT(Q20,FIND(" ",Q20&" ")-1)),IFERROR(INDEX($A$4:$A$153,MATCH(Q20,$C$4:$C$153,0)),""))) | AH20: =IF(R20="","",IFERROR(VALUE(LEFT(R20,FIND(" ",R20&" ")-1)),IFERROR(INDEX($A$4:$A$153,MATCH(R20,$C$4:$C$153,0)),""))) | AI20: =IF(S20="","",IFERROR(VALUE(LEFT(S20,FIND(" ",S20&" ")-1)),IFERROR(INDEX($A$4:$A$153,MATCH(S20,$C$4:$C$153,0)),""))) | AJ20: =IF(OR(A20="",B20=""),"",IF(COUNTIFS($B$4:B20,B20,$A$4:A20,"<>")=1,MAX($AJ$3:AJ19)+1,"")) | AK20: =IF(OR(A20="",NOT(ISNUMBER(L20))),"",L20^2) -> 54.76 | AL20: =IF(OR(A20="",NOT(ISNUMBER(L20))),0,(L20-INDEX('計算'!$AE$7:$AG$7,X20))/INDEX('計算'!$AE$8:$AG$8,X20)) -> -0.66169374
A21: 2118 | B21: 1 | C21: 鈴木 悠真 | D21: すずき ゆうま | E21: 男 | F21: 68 | G21: 56 | H21: 59 | I21: 54 | J21: 58 | K21: =IF(COUNT(F21:J21)=0,"",ROUND(AVERAGE(F21:J21),1)) -> 59 | L21: 7.4 | M21: × | U21: =IF(A21="","",INDEX('計算'!$Z$2:$Z$151,AF21)) -> 3 | V21: =IF(A21="","",IFERROR(IF(INDEX('②クラス編成'!$E$9:$E$158,MATCH(A21,'②クラス編成'!$D$9:$D$158,0))="","未",INDEX('②クラス編成'!$E$9:$E$158,MATCH(A21,'②クラス編成'!$D$9:$D$158,0))),"未")) -> 3 | W21: =IF(A21="","",A21&" "&C21) -> 2118 鈴木 悠真 | X21: =IF(A21="","",IF(E21="男",1,IF(E21="女",2,3))) -> 1 | Y21: =IF(OR(M21="〇",M21="○",M21="◯"),1,0) -> 0 | Z21: =IF(OR(N21="〇",N21="○",N21="◯"),1,0) -> 0 | AA21: =IF(OR(O21="〇",O21="○",O21="◯"),1,0) -> 0 | AB21: =IF(OR(P21="〇",P21="○",P21="◯"),1,0) -> 0 | AC21: =IF(A21="","",IF(AA21=1,1,IF(Y21=1,2,IF(Z21=1,3,IF(AB21=1,4,5))))) -> 5 | AD21: =IF(A21="","",IF(K21="",'設定'!$C$37,K21)) -> 59 | AE21: =IF(A21="","",AC21*10000000-ROUND(ABS((AD21-'設定'!$C$37)/'設定'!$C$38)*10000,0)) -> 49997396 | AF21: =IF(A21="","",COUNTIF($AE$4:$AE$153,"<"&AE21)+COUNTIFS($AE$4:$AE$153,AE21,$A$4:$A$153,"<"&A21)+1) -> 90 | AG21: =IF(Q21="","",IFERROR(VALUE(LEFT(Q21,FIND(" ",Q21&" ")-1)),IFERROR(INDEX($A$4:$A$153,MATCH(Q21,$C$4:$C$153,0)),""))) | AH21: =IF(R21="","",IFERROR(VALUE(LEFT(R21,FIND(" ",R21&" ")-1)),IFERROR(INDEX($A$4:$A$153,MATCH(R21,$C$4:$C$153,0)),""))) | AI21: =IF(S21="","",IFERROR(VALUE(LEFT(S21,FIND(" ",S21&" ")-1)),IFERROR(INDEX($A$4:$A$153,MATCH(S21,$C$4:$C$153,0)),""))) | AJ21: =IF(OR(A21="",B21=""),"",IF(COUNTIFS($B$4:B21,B21,$A$4:A21,"<>")=1,MAX($AJ$3:AJ20)+1,"")) | AK21: =IF(OR(A21="",NOT(ISNUMBER(L21))),"",L21^2) -> 54.76 | AL21: =IF(OR(A21="",NOT(ISNUMBER(L21))),0,(L21-INDEX('計算'!$AE$7:$AG$7,X21))/INDEX('計算'!$AE$8:$AG$8,X21)) -> -0.66169374
A22: 2119 | B22: 1 | C22: 高橋 紬 | D22: たかはし つむぎ | E22: 女 | F22: 49 | G22: 48 | H22: 67 | I22: 40 | J22: 62 | K22: =IF(COUNT(F22:J22)=0,"",ROUND(AVERAGE(F22:J22),1)) -> 53.2 | L22: 9.5 | M22: × | U22: =IF(A22="","",INDEX('計算'!$Z$2:$Z$151,AF22)) -> 1 | V22: =IF(A22="","",IFERROR(IF(INDEX('②クラス編成'!$E$9:$E$158,MATCH(A22,'②クラス編成'!$D$9:$D$158,0))="","未",INDEX('②クラス編成'!$E$9:$E$158,MATCH(A22,'②クラス編成'!$D$9:$D$158,0))),"未")) -> 1 | W22: =IF(A22="","",A22&" "&C22) -> 2119 高橋 紬 | X22: =IF(A22="","",IF(E22="男",1,IF(E22="女",2,3))) -> 2 | Y22: =IF(OR(M22="〇",M22="○",M22="◯"),1,0) -> 0 | Z22: =IF(OR(N22="〇",N22="○",N22="◯"),1,0) -> 0 | AA22: =IF(OR(O22="〇",O22="○",O22="◯"),1,0) -> 0 | AB22: =IF(OR(P22="〇",P22="○",P22="◯"),1,0) -> 0 | AC22: =IF(A22="","",IF(AA22=1,1,IF(Y22=1,2,IF(Z22=1,3,IF(AB22=1,4,5))))) -> 5 | AD22: =IF(A22="","",IF(K22="",'設定'!$C$37,K22)) -> 53.2 | AE22: =IF(A22="","",AC22*10000000-ROUND(ABS((AD22-'設定'!$C$37)/'設定'!$C$38)*10000,0)) -> 49993064 | AF22: =IF(A22="","",COUNTIF($AE$4:$AE$153,"<"&AE22)+COUNTIFS($AE$4:$AE$153,AE22,$A$4:$A$153,"<"&A22)+1) -> 74 | AG22: =IF(Q22="","",IFERROR(VALUE(LEFT(Q22,FIND(" ",Q22&" ")-1)),IFERROR(INDEX($A$4:$A$153,MATCH(Q22,$C$4:$C$153,0)),""))) | AH22: =IF(R22="","",IFERROR(VALUE(LEFT(R22,FIND(" ",R22&" ")-1)),IFERROR(INDEX($A$4:$A$153,MATCH(R22,$C$4:$C$153,0)),""))) | AI22: =IF(S22="","",IFERROR(VALUE(LEFT(S22,FIND(" ",S22&" ")-1)),IFERROR(INDEX($A$4:$A$153,MATCH(S22,$C$4:$C$153,0)),""))) | AJ22: =IF(OR(A22="",B22=""),"",IF(COUNTIFS($B$4:B22,B22,$A$4:A22,"<>")=1,MAX($AJ$3:AJ21)+1,"")) | AK22: =IF(OR(A22="",NOT(ISNUMBER(L22))),"",L22^2) -> 90.25 | AL22: =IF(OR(A22="",NOT(ISNUMBER(L22))),0,(L22-INDEX('計算'!$AE$7:$AG$7,X22))/INDEX('計算'!$AE$8:$AG$8,X22)) -> 1.0403871
A23: 2120 | B23: 1 | C23: 田中 隼人 | D23: たなか はやと | E23: 男 | F23: 68 | G23: 77 | H23: 67 | I23: 66 | J23: 60 | K23: =IF(COUNT(F23:J23)=0,"",ROUND(AVERAGE(F23:J23),1)) -> 67.6 | L23: 7.3 | M23: × | O23: 〇 | U23: =IF(A23="","",INDEX('計算'!$Z$2:$Z$151,AF23)) -> 2 | V23: =IF(A23="","",IFERROR(IF(INDEX('②クラス編成'!$E$9:$E$158,MATCH(A23,'②クラス編成'!$D$9:$D$158,0))="","未",INDEX('②クラス編成'!$E$9:$E$158,MATCH(A23,'②クラス編成'!$D$9:$D$158,0))),"未")) -> 2 | W23: =IF(A23="","",A23&" "&C23) -> 2120 田中 隼人 | X23: =IF(A23="","",IF(E23="男",1,IF(E23="女",2,3))) -> 1 | Y23: =IF(OR(M23="〇",M23="○",M23="◯"),1,0) -> 0 | Z23: =IF(OR(N23="〇",N23="○",N23="◯"),1,0) -> 0 | AA23: =IF(OR(O23="〇",O23="○",O23="◯"),1,0) -> 1 | AB23: =IF(OR(P23="〇",P23="○",P23="◯"),1,0) -> 0 | AC23: =IF(A23="","",IF(AA23=1,1,IF(Y23=1,2,IF(Z23=1,3,IF(AB23=1,4,5))))) -> 1 | AD23: =IF(A23="","",IF(K23="",'設定'!$C$37,K23)) -> 67.6 | AE23: =IF(A23="","",AC23*10000000-ROUND(ABS((AD23-'設定'!$C$37)/'設定'!$C$38)*10000,0)) -> 9996182 | AF23: =IF(A23="","",COUNTIF($AE$4:$AE$153,"<"&AE23)+COUNTIFS($AE$4:$AE$153,AE23,$A$4:$A$153,"<"&A23)+1) -> 5 | AG23: =IF(Q23="","",IFERROR(VALUE(LEFT(Q23,FIND(" ",Q23&" ")-1)),IFERROR(INDEX($A$4:$A$153,MATCH(Q23,$C$4:$C$153,0)),""))) | AH23: =IF(R23="","",IFERROR(VALUE(LEFT(R23,FIND(" ",R23&" ")-1)),IFERROR(INDEX($A$4:$A$153,MATCH(R23,$C$4:$C$153,0)),""))) | AI23: =IF(S23="","",IFERROR(VALUE(LEFT(S23,FIND(" ",S23&" ")-1)),IFERROR(INDEX($A$4:$A$153,MATCH(S23,$C$4:$C$153,0)),""))) | AJ23: =IF(OR(A23="",B23=""),"",IF(COUNTIFS($B$4:B23,B23,$A$4:A23,"<>")=1,MAX($AJ$3:AJ22)+1,"")) | AK23: =IF(OR(A23="",NOT(ISNUMBER(L23))),"",L23^2) -> 53.29 | AL23: =IF(OR(A23="",NOT(ISNUMBER(L23))),0,(L23-INDEX('計算'!$AE$7:$AG$7,X23))/INDEX('計算'!$AE$8:$AG$8,X23)) -> -0.88928267
A24: 2121 | B24: 1 | C24: 田中 陽葵 | D24: たなか ひまり | E24: 女 | F24: 49 | G24: 47 | H24: 57 | I24: 65 | J24: 65 | K24: =IF(COUNT(F24:J24)=0,"",ROUND(AVERAGE(F24:J24),1)) -> 56.6 | L24: 8 | M24: × | U24: =IF(A24="","",INDEX('計算'!$Z$2:$Z$151,AF24)) -> 1 | V24: =IF(A24="","",IFERROR(IF(INDEX('②クラス編成'!$E$9:$E$158,MATCH(A24,'②クラス編成'!$D$9:$D$158,0))="","未",INDEX('②クラス編成'!$E$9:$E$158,MATCH(A24,'②クラス編成'!$D$9:$D$158,0))),"未")) -> 1 | W24: =IF(A24="","",A24&" "&C24) -> 2121 田中 陽葵 | X24: =IF(A24="","",IF(E24="男",1,IF(E24="女",2,3))) -> 2 | Y24: =IF(OR(M24="〇",M24="○",M24="◯"),1,0) -> 0 | Z24: =IF(OR(N24="〇",N24="○",N24="◯"),1,0) -> 0 | AA24: =IF(OR(O24="〇",O24="○",O24="◯"),1,0) -> 0 | AB24: =IF(OR(P24="〇",P24="○",P24="◯"),1,0) -> 0 | AC24: =IF(A24="","",IF(AA24=1,1,IF(Y24=1,2,IF(Z24=1,3,IF(AB24=1,4,5))))) -> 5 | AD24: =IF(A24="","",IF(K24="",'設定'!$C$37,K24)) -> 56.6 | AE24: =IF(A24="","",AC24*10000000-ROUND(ABS((AD24-'設定'!$C$37)/'設定'!$C$38)*10000,0)) -> 49995603 | AF24: =IF(A24="","",COUNTIF($AE$4:$AE$153,"<"&AE24)+COUNTIFS($AE$4:$AE$153,AE24,$A$4:$A$153,"<"&A24)+1) -> 85 | AG24: =IF(Q24="","",IFERROR(VALUE(LEFT(Q24,FIND(" ",Q24&" ")-1)),IFERROR(INDEX($A$4:$A$153,MATCH(Q24,$C$4:$C$153,0)),""))) | AH24: =IF(R24="","",IFERROR(VALUE(LEFT(R24,FIND(" ",R24&" ")-1)),IFERROR(INDEX($A$4:$A$153,MATCH(R24,$C$4:$C$153,0)),""))) | AI24: =IF(S24="","",IFERROR(VALUE(LEFT(S24,FIND(" ",S24&" ")-1)),IFERROR(INDEX($A$4:$A$153,MATCH(S24,$C$4:$C$153,0)),""))) | AJ24: =IF(OR(A24="",B24=""),"",IF(COUNTIFS($B$4:B24,B24,$A$4:A24,"<>")=1,MAX($AJ$3:AJ23)+1,"")) | AK24: =IF(OR(A24="",NOT(ISNUMBER(L24))),"",L24^2) -> 64 | AL24: =IF(OR(A24="",NOT(ISNUMBER(L24))),0,(L24-INDEX('計算'!$AE$7:$AG$7,X24))/INDEX('計算'!$AE$8:$AG$8,X24)) -> -1.4160825
A25: 2122 | B25: 1 | C25: 中村 楓 | D25: なかむら かえで | E25: 女 | F25: 38 | G25: 54 | H25: 64 | I25: 54 | J25: 41 | K25: =IF(COUNT(F25:J25)=0,"",ROUND(AVERAGE(F25:J25),1)) -> 50.2 | L25: 9.3 | M25: × | U25: =IF(A25="","",INDEX('計算'!$Z$2:$Z$151,AF25)) -> 1 | V25: =IF(A25="","",IFERROR(IF(INDEX('②クラス編成'!$E$9:$E$158,MATCH(A25,'②クラス編成'!$D$9:$D$158,0))="","未",INDEX('②クラス編成'!$E$9:$E$158,MATCH(A25,'②クラス編成'!$D$9:$D$158,0))),"未")) -> 1 | W25: =IF(A25="","",A25&" "&C25) -> 2122 中村 楓 | X25: =IF(A25="","",IF(E25="男",1,IF(E25="女",2,3))) -> 2 | Y25: =IF(OR(M25="〇",M25="○",M25="◯"),1,0) -> 0 | Z25: =IF(OR(N25="〇",N25="○",N25="◯"),1,0) -> 0 | AA25: =IF(OR(O25="〇",O25="○",O25="◯"),1,0) -> 0 | AB25: =IF(OR(P25="〇",P25="○",P25="◯"),1,0) -> 0 | AC25: =IF(A25="","",IF(AA25=1,1,IF(Y25=1,2,IF(Z25=1,3,IF(AB25=1,4,5))))) -> 5 | AD25: =IF(A25="","",IF(K25="",'設定'!$C$37,K25)) -> 50.2 | AE25: =IF(A25="","",AC25*10000000-ROUND(ABS((AD25-'設定'!$C$37)/'設定'!$C$38)*10000,0)) -> 49990824 | AF25: =IF(A25="","",COUNTIF($AE$4:$AE$153,"<"&AE25)+COUNTIFS($AE$4:$AE$153,AE25,$A$4:$A$153,"<"&A25)+1) -> 61 | AG25: =IF(Q25="","",IFERROR(VALUE(LEFT(Q25,FIND(" ",Q25&" ")-1)),IFERROR(INDEX($A$4:$A$153,MATCH(Q25,$C$4:$C$153,0)),""))) | AH25: =IF(R25="","",IFERROR(VALUE(LEFT(R25,FIND(" ",R25&" ")-1)),IFERROR(INDEX($A$4:$A$153,MATCH(R25,$C$4:$C$153,0)),""))) | AI25: =IF(S25="","",IFERROR(VALUE(LEFT(S25,FIND(" ",S25&" ")-1)),IFERROR(INDEX($A$4:$A$153,MATCH(S25,$C$4:$C$153,0)),""))) | AJ25: =IF(OR(A25="",B25=""),"",IF(COUNTIFS($B$4:B25,B25,$A$4:A25,"<>")=1,MAX($AJ$3:AJ24)+1,"")) | AK25: =IF(OR(A25="",NOT(ISNUMBER(L25))),"",L25^2) -> 86.49 | AL25: =IF(OR(A25="",NOT(ISNUMBER(L25))),0,(L25-INDEX('計算'!$AE$7:$AG$7,X25))/INDEX('計算'!$AE$8:$AG$8,X25)) -> 0.71285784
A26: 2123 | B26: 1 | C26: 原田 杏 | D26: はらだ あん | E26: 女 | F26: 53 | G26: 59 | H26: 55 | I26: 73 | J26: 62 | K26: =IF(COUNT(F26:J26)=0,"",ROUND(AVERAGE(F26:J26),1)) -> 60.4 | L26: 9 | M26: × | N26: 〇 | U26: =IF(A26="","",INDEX('計算'!$Z$2:$Z$151,AF26)) -> 2 | V26: =IF(A26="","",IFERROR(IF(INDEX('②クラス編成'!$E$9:$E$158,MATCH(A26,'②クラス編成'!$D$9:$D$158,0))="","未",INDEX('②クラス編成'!$E$9:$E$158,MATCH(A26,'②クラス編成'!$D$9:$D$158,0))),"未")) -> 2 | W26: =IF(A26="","",A26&" "&C26) -> 2123 原田 杏 | X26: =IF(A26="","",IF(E26="男",1,IF(E26="女",2,3))) -> 2 | Y26: =IF(OR(M26="〇",M26="○",M26="◯"),1,0) -> 0 | Z26: =IF(OR(N26="〇",N26="○",N26="◯"),1,0) -> 1 | AA26: =IF(OR(O26="〇",O26="○",O26="◯"),1,0) -> 0 | AB26: =IF(OR(P26="〇",P26="○",P26="◯"),1,0) -> 0 | AC26: =IF(A26="","",IF(AA26=1,1,IF(Y26=1,2,IF(Z26=1,3,IF(AB26=1,4,5))))) -> 3 | AD26: =IF(A26="","",IF(K26="",'設定'!$C$37,K26)) -> 60.4 | AE26: =IF(A26="","",AC26*10000000-ROUND(ABS((AD26-'設定'!$C$37)/'設定'!$C$38)*10000,0)) -> 29998441 | AF26: =IF(A26="","",COUNTIF($AE$4:$AE$153,"<"&AE26)+COUNTIFS($AE$4:$AE$153,AE26,$A$4:$A$153,"<"&A26)+1) -> 24 | AG26: =IF(Q26="","",IFERROR(VALUE(LEFT(Q26,FIND(" ",Q26&" ")-1)),IFERROR(INDEX($A$4:$A$153,MATCH(Q26,$C$4:$C$153,0)),""))) | AH26: =IF(R26="","",IFERROR(VALUE(LEFT(R26,FIND(" ",R26&" ")-1)),IFERROR(INDEX($A$4:$A$153,MATCH(R26,$C$4:$C$153,0)),""))) | AI26: =IF(S26="","",IFERROR(VALUE(LEFT(S26,FIND(" ",S26&" ")-1)),IFERROR(INDEX($A$4:$A$153,MATCH(S26,$C$4:$C$153,0)),""))) | AJ26: =IF(OR(A26="",B26=""),"",IF(COUNTIFS($B$4:B26,B26,$A$4:A26,"<>")=1,MAX($AJ$3:AJ25)+1,"")) | AK26: =IF(OR(A26="",NOT(ISNUMBER(L26))),"",L26^2) -> 81 | AL26: =IF(OR(A26="",NOT(ISNUMBER(L26))),0,(L26-INDEX('計算'!$AE$7:$AG$7,X26))/INDEX('計算'!$AE$8:$AG$8,X26)) -> 0.22156392
A27: 2124 | B27: 1 | C27: 前田 奏太 | D27: まえだ かなた | E27: 男 | F27: 80 | G27: 76 | H27: 78 | I27: 73 | J27: 71 | K27: =IF(COUNT(F27:J27)=0,"",ROUND(AVERAGE(F27:J27),1)) -> 75.6 | L27: 8 | M27: × | Q27: 2102 阿部 陽葵 | U27: =IF(A27="","",INDEX('計算'!$Z$2:$Z$151,AF27)) -> 2 | V27: =IF(A27="","",IFERROR(IF(INDEX('②クラス編成'!$E$9:$E$158,MATCH(A27,'②クラス編成'!$D$9:$D$158,0))="","未",INDEX('②クラス編成'!$E$9:$E$158,MATCH(A27,'②クラス編成'!$D$9:$D$158,0))),"未")) -> 2 | W27: =IF(A27="","",A27&" "&C27) -> 2124 前田 奏太 | X27: =IF(A27="","",IF(E27="男",1,IF(E27="女",2,3))) -> 1 | Y27: =IF(OR(M27="〇",M27="○",M27="◯"),1,0) -> 0 | Z27: =IF(OR(N27="〇",N27="○",N27="◯"),1,0) -> 0 | AA27: =IF(OR(O27="〇",O27="○",O27="◯"),1,0) -> 0 | AB27: =IF(OR(P27="〇",P27="○",P27="◯"),1,0) -> 0 | AC27: =IF(A27="","",IF(AA27=1,1,IF(Y27=1,2,IF(Z27=1,3,IF(AB27=1,4,5))))) -> 5 | AD27: =IF(A27="","",IF(K27="",'設定'!$C$37,K27)) -> 75.6 | AE27: =IF(A27="","",AC27*10000000-ROUND(ABS((AD27-'設定'!$C$37)/'設定'!$C$38)*10000,0)) -> 49990208 | AF27: =IF(A27="","",COUNTIF($AE$4:$AE$153,"<"&AE27)+COUNTIFS($AE$4:$AE$153,AE27,$A$4:$A$153,"<"&A27)+1) -> 57 | AG27: =IF(Q27="","",IFERROR(VALUE(LEFT(Q27,FIND(" ",Q27&" ")-1)),IFERROR(INDEX($A$4:$A$153,MATCH(Q27,$C$4:$C$153,0)),""))) -> 2102 | AH27: =IF(R27="","",IFERROR(VALUE(LEFT(R27,FIND(" ",R27&" ")-1)),IFERROR(INDEX($A$4:$A$153,MATCH(R27,$C$4:$C$153,0)),""))) | AI27: =IF(S27="","",IFERROR(VALUE(LEFT(S27,FIND(" ",S27&" ")-1)),IFERROR(INDEX($A$4:$A$153,MATCH(S27,$C$4:$C$153,0)),""))) | AJ27: =IF(OR(A27="",B27=""),"",IF(COUNTIFS($B$4:B27,B27,$A$4:A27,"<>")=1,MAX($AJ$3:AJ26)+1,"")) | AK27: =IF(OR(A27="",NOT(ISNUMBER(L27))),"",L27^2) -> 64 | AL27: =IF(OR(A27="",NOT(ISNUMBER(L27))),0,(L27-INDEX('計算'!$AE$7:$AG$7,X27))/INDEX('計算'!$AE$8:$AG$8,X27)) -> 0.70383984
A28: 2125 | B28: 1 | C28: 前田 颯太 | D28: まえだ そうた | E28: 男 | F28: 47 | G28: 58 | H28: 46 | I28: 44 | J28: 62 | K28: =IF(COUNT(F28:J28)=0,"",ROUND(AVERAGE(F28:J28),1)) -> 51.4 | L28: 8.1 | M28: × | O28: 〇 | U28: =IF(A28="","",INDEX('計算'!$Z$2:$Z$151,AF28)) -> 1 | V28: =IF(A28="","",IFERROR(IF(INDEX('②クラス編成'!$E$9:$E$158,MATCH(A28,'②クラス編成'!$D$9:$D$158,0))="","未",INDEX('②クラス編成'!$E$9:$E$158,MATCH(A28,'②クラス編成'!$D$9:$D$158,0))),"未")) -> 1 | W28: =IF(A28="","",A28&" "&C28) -> 2125 前田 颯太 | X28: =IF(A28="","",IF(E28="男",1,IF(E28="女",2,3))) -> 1 | Y28: =IF(OR(M28="〇",M28="○",M28="◯"),1,0) -> 0 | Z28: =IF(OR(N28="〇",N28="○",N28="◯"),1,0) -> 0 | AA28: =IF(OR(O28="〇",O28="○",O28="◯"),1,0) -> 1 | AB28: =IF(OR(P28="〇",P28="○",P28="◯"),1,0) -> 0 | AC28: =IF(A28="","",IF(AA28=1,1,IF(Y28=1,2,IF(Z28=1,3,IF(AB28=1,4,5))))) -> 1 | AD28: =IF(A28="","",IF(K28="",'設定'!$C$37,K28)) -> 51.4 | AE28: =IF(A28="","",AC28*10000000-ROUND(ABS((AD28-'設定'!$C$37)/'設定'!$C$38)*10000,0)) -> 9991720 | AF28: =IF(A28="","",COUNTIF($AE$4:$AE$153,"<"&AE28)+COUNTIFS($AE$4:$AE$153,AE28,$A$4:$A$153,"<"&A28)+1) -> 4 | AG28: =IF(Q28="","",IFERROR(VALUE(LEFT(Q28,FIND(" ",Q28&" ")-1)),IFERROR(INDEX($A$4:$A$153,MATCH(Q28,$C$4:$C$153,0)),""))) | AH28: =IF(R28="","",IFERROR(VALUE(LEFT(R28,FIND(" ",R28&" ")-1)),IFERROR(INDEX($A$4:$A$153,MATCH(R28,$C$4:$C$153,0)),""))) | AI28: =IF(S28="","",IFERROR(VALUE(LEFT(S28,FIND(" ",S28&" ")-1)),IFERROR(INDEX($A$4:$A$153,MATCH(S28,$C$4:$C$153,0)),""))) | AJ28: =IF(OR(A28="",B28=""),"",IF(COUNTIFS($B$4:B28,B28,$A$4:A28,"<>")=1,MAX($AJ$3:AJ27)+1,"")) | AK28: =IF(OR(A28="",NOT(ISNUMBER(L28))),"",L28^2) -> 65.61 | AL28: =IF(OR(A28="",NOT(ISNUMBER(L28))),0,(L28-INDEX('計算'!$AE$7:$AG$7,X28))/INDEX('計算'!$AE$8:$AG$8,X28)) -> 0.93142877
A29: 2126 | B29: 1 | C29: 三浦 美桜 | D29: みうら みお | E29: 女 | F29: 56 | G29: 63 | H29: 55 | I29: 58 | J29: 59 | K29: =IF(COUNT(F29:J29)=0,"",ROUND(AVERAGE(F29:J29),1)) -> 58.2 | L29: 9.7 | M29: × | U29: =IF(A29="","",INDEX('計算'!$Z$2:$Z$151,AF29)) -> 2 | V29: =IF(A29="","",IFERROR(IF(INDEX('②クラス編成'!$E$9:$E$158,MATCH(A29,'②クラス編成'!$D$9:$D$158,0))="","未",INDEX('②クラス編成'!$E$9:$E$158,MATCH(A29,'②クラス編成'!$D$9:$D$158,0))),"未")) -> 2 | W29: =IF(A29="","",A29&" "&C29) -> 2126 三浦 美桜 | X29: =IF(A29="","",IF(E29="男",1,IF(E29="女",2,3))) -> 2 | Y29: =IF(OR(M29="〇",M29="○",M29="◯"),1,0) -> 0 | Z29: =IF(OR(N29="〇",N29="○",N29="◯"),1,0) -> 0 | AA29: =IF(OR(O29="〇",O29="○",O29="◯"),1,0) -> 0 | AB29: =IF(OR(P29="〇",P29="○",P29="◯"),1,0) -> 0 | AC29: =IF(A29="","",IF(AA29=1,1,IF(Y29=1,2,IF(Z29=1,3,IF(AB29=1,4,5))))) -> 5 | AD29: =IF(A29="","",IF(K29="",'設定'!$C$37,K29)) -> 58.2 | AE29: =IF(A29="","",AC29*10000000-ROUND(ABS((AD29-'設定'!$C$37)/'設定'!$C$38)*10000,0)) -> 49996798 | AF29: =IF(A29="","",COUNTIF($AE$4:$AE$153,"<"&AE29)+COUNTIFS($AE$4:$AE$153,AE29,$A$4:$A$153,"<"&A29)+1) -> 87 | AG29: =IF(Q29="","",IFERROR(VALUE(LEFT(Q29,FIND(" ",Q29&" ")-1)),IFERROR(INDEX($A$4:$A$153,MATCH(Q29,$C$4:$C$153,0)),""))) | AH29: =IF(R29="","",IFERROR(VALUE(LEFT(R29,FIND(" ",R29&" ")-1)),IFERROR(INDEX($A$4:$A$153,MATCH(R29,$C$4:$C$153,0)),""))) | AI29: =IF(S29="","",IFERROR(VALUE(LEFT(S29,FIND(" ",S29&" ")-1)),IFERROR(INDEX($A$4:$A$153,MATCH(S29,$C$4:$C$153,0)),""))) | AJ29: =IF(OR(A29="",B29=""),"",IF(COUNTIFS($B$4:B29,B29,$A$4:A29,"<>")=1,MAX($AJ$3:AJ28)+1,"")) | AK29: =IF(OR(A29="",NOT(ISNUMBER(L29))),"",L29^2) -> 94.09 | AL29: =IF(OR(A29="",NOT(ISNUMBER(L29))),0,(L29-INDEX('計算'!$AE$7:$AG$7,X29))/INDEX('計算'!$AE$8:$AG$8,X29)) -> 1.3679164
A30: 2127 | B30: 1 | C30: 宮崎 奏太 | D30: みやざき かなた | E30: 男 | F30: 57 | G30: 48 | H30: 33 | I30: 61 | J30: 40 | K30: =IF(COUNT(F30:J30)=0,"",ROUND(AVERAGE(F30:J30),1)) -> 47.8 | L30: 7.8 | M30: × | U30: =IF(A30="","",INDEX('計算'!$Z$2:$Z$151,AF30)) -> 3 | V30: =IF(A30="","",IFERROR(IF(INDEX('②クラス編成'!$E$9:$E$158,MATCH(A30,'②クラス編成'!$D$9:$D$158,0))="","未",INDEX('②クラス編成'!$E$9:$E$158,MATCH(A30,'②クラス編成'!$D$9:$D$158,0))),"未")) -> 3 | W30: =IF(A30="","",A30&" "&C30) -> 2127 宮崎 奏太 | X30: =IF(A30="","",IF(E30="男",1,IF(E30="女",2,3))) -> 1 | Y30: =IF(OR(M30="〇",M30="○",M30="◯"),1,0) -> 0 | Z30: =IF(OR(N30="〇",N30="○",N30="◯"),1,0) -> 0 | AA30: =IF(OR(O30="〇",O30="○",O30="◯"),1,0) -> 0 | AB30: =IF(OR(P30="〇",P30="○",P30="◯"),1,0) -> 0 | AC30: =IF(A30="","",IF(AA30=1,1,IF(Y30=1,2,IF(Z30=1,3,IF(AB30=1,4,5))))) -> 5 | AD30: =IF(A30="","",IF(K30="",'設定'!$C$37,K30)) -> 47.8 | AE30: =IF(A30="","",AC30*10000000-ROUND(ABS((AD30-'設定'!$C$37)/'設定'!$C$38)*10000,0)) -> 49989032 | AF30: =IF(A30="","",COUNTIF($AE$4:$AE$153,"<"&AE30)+COUNTIFS($AE$4:$AE$153,AE30,$A$4:$A$153,"<"&A30)+1) -> 52 | AG30: =IF(Q30="","",IFERROR(VALUE(LEFT(Q30,FIND(" ",Q30&" ")-1)),IFERROR(INDEX($A$4:$A$153,MATCH(Q30,$C$4:$C$153,0)),""))) | AH30: =IF(R30="","",IFERROR(VALUE(LEFT(R30,FIND(" ",R30&" ")-1)),IFERROR(INDEX($A$4:$A$153,MATCH(R30,$C$4:$C$153,0)),""))) | AI30: =IF(S30="","",IFERROR(VALUE(LEFT(S30,FIND(" ",S30&" ")-1)),IFERROR(INDEX($A$4:$A$153,MATCH(S30,$C$4:$C$153,0)),""))) | AJ30: =IF(OR(A30="",B30=""),"",IF(COUNTIFS($B$4:B30,B30,$A$4:A30,"<>")=1,MAX($AJ$3:AJ29)+1,"")) | AK30: =IF(OR(A30="",NOT(ISNUMBER(L30))),"",L30^2) -> 60.84 | AL30: =IF(OR(A30="",NOT(ISNUMBER(L30))),0,(L30-INDEX('計算'!$AE$7:$AG$7,X30))/INDEX('計算'!$AE$8:$AG$8,X30)) -> 0.24866198
A31: 2128 | B31: 1 | C31: 宮崎 圭吾 | D31: みやざき けいご | E31: 男 | F31: 55 | G31: 44 | H31: 57 | I31: 54 | J31: 53 | K31: =IF(COUNT(F31:J31)=0,"",ROUND(AVERAGE(F31:J31),1)) -> 52.6 | L31: 7.9 | M31: × | Q31: 2133 山崎 遥 | U31: =IF(A31="","",INDEX('計算'!$Z$2:$Z$151,AF31)) -> 3 | V31: =IF(A31="","",IFERROR(IF(INDEX('②クラス編成'!$E$9:$E$158,MATCH(A31,'②クラス編成'!$D$9:$D$158,0))="","未",INDEX('②クラス編成'!$E$9:$E$158,MATCH(A31,'②クラス編成'!$D$9:$D$158,0))),"未")) -> 3 | W31: =IF(A31="","",A31&" "&C31) -> 2128 宮崎 圭吾 | X31: =IF(A31="","",IF(E31="男",1,IF(E31="女",2,3))) -> 1 | Y31: =IF(OR(M31="〇",M31="○",M31="◯"),1,0) -> 0 | Z31: =IF(OR(N31="〇",N31="○",N31="◯"),1,0) -> 0 | AA31: =IF(OR(O31="〇",O31="○",O31="◯"),1,0) -> 0 | AB31: =IF(OR(P31="〇",P31="○",P31="◯"),1,0) -> 0 | AC31: =IF(A31="","",IF(AA31=1,1,IF(Y31=1,2,IF(Z31=1,3,IF(AB31=1,4,5))))) -> 5 | AD31: =IF(A31="","",IF(K31="",'設定'!$C$37,K31)) -> 52.6 | AE31: =IF(A31="","",AC31*10000000-ROUND(ABS((AD31-'設定'!$C$37)/'設定'!$C$38)*10000,0)) -> 49992616 | AF31: =IF(A31="","",COUNTIF($AE$4:$AE$153,"<"&AE31)+COUNTIFS($AE$4:$AE$153,AE31,$A$4:$A$153,"<"&A31)+1) -> 72 | AG31: =IF(Q31="","",IFERROR(VALUE(LEFT(Q31,FIND(" ",Q31&" ")-1)),IFERROR(INDEX($A$4:$A$153,MATCH(Q31,$C$4:$C$153,0)),""))) -> 2133 | AH31: =IF(R31="","",IFERROR(VALUE(LEFT(R31,FIND(" ",R31&" ")-1)),IFERROR(INDEX($A$4:$A$153,MATCH(R31,$C$4:$C$153,0)),""))) | AI31: =IF(S31="","",IFERROR(VALUE(LEFT(S31,FIND(" ",S31&" ")-1)),IFERROR(INDEX($A$4:$A$153,MATCH(S31,$C$4:$C$153,0)),""))) | AJ31: =IF(OR(A31="",B31=""),"",IF(COUNTIFS($B$4:B31,B31,$A$4:A31,"<>")=1,MAX($AJ$3:AJ30)+1,"")) | AK31: =IF(OR(A31="",NOT(ISNUMBER(L31))),"",L31^2) -> 62.41 | AL31: =IF(OR(A31="",NOT(ISNUMBER(L31))),0,(L31-INDEX('計算'!$AE$7:$AG$7,X31))/INDEX('計算'!$AE$8:$AG$8,X31)) -> 0.47625091
A32: 2129 | B32: 1 | C32: 宮崎 直樹 | D32: みやざき なおき | E32: 男 | F32: 47 | G32: 43 | H32: 50 | I32: 59 | J32: 65 | K32: =IF(COUNT(F32:J32)=0,"",ROUND(AVERAGE(F32:J32),1)) -> 52.8 | L32: 7.5 | M32: × | T32: 生徒会 | U32: =IF(A32="","",INDEX('計算'!$Z$2:$Z$151,AF32)) -> 2 | V32: =IF(A32="","",IFERROR(IF(INDEX('②クラス編成'!$E$9:$E$158,MATCH(A32,'②クラス編成'!$D$9:$D$158,0))="","未",INDEX('②クラス編成'!$E$9:$E$158,MATCH(A32,'②クラス編成'!$D$9:$D$158,0))),"未")) -> 2 | W32: =IF(A32="","",A32&" "&C32) -> 2129 宮崎 直樹 | X32: =IF(A32="","",IF(E32="男",1,IF(E32="女",2,3))) -> 1 | Y32: =IF(OR(M32="〇",M32="○",M32="◯"),1,0) -> 0 | Z32: =IF(OR(N32="〇",N32="○",N32="◯"),1,0) -> 0 | AA32: =IF(OR(O32="〇",O32="○",O32="◯"),1,0) -> 0 | AB32: =IF(OR(P32="〇",P32="○",P32="◯"),1,0) -> 0 | AC32: =IF(A32="","",IF(AA32=1,1,IF(Y32=1,2,IF(Z32=1,3,IF(AB32=1,4,5))))) -> 5 | AD32: =IF(A32="","",IF(K32="",'設定'!$C$37,K32)) -> 52.8 | AE32: =IF(A32="","",AC32*10000000-ROUND(ABS((AD32-'設定'!$C$37)/'設定'!$C$38)*10000,0)) -> 49992766 | AF32: =IF(A32="","",COUNTIF($AE$4:$AE$153,"<"&AE32)+COUNTIFS($AE$4:$AE$153,AE32,$A$4:$A$153,"<"&A32)+1) -> 73 | AG32: =IF(Q32="","",IFERROR(VALUE(LEFT(Q32,FIND(" ",Q32&" ")-1)),IFERROR(INDEX($A$4:$A$153,MATCH(Q32,$C$4:$C$153,0)),""))) | AH32: =IF(R32="","",IFERROR(VALUE(LEFT(R32,FIND(" ",R32&" ")-1)),IFERROR(INDEX($A$4:$A$153,MATCH(R32,$C$4:$C$153,0)),""))) | AI32: =IF(S32="","",IFERROR(VALUE(LEFT(S32,FIND(" ",S32&" ")-1)),IFERROR(INDEX($A$4:$A$153,MATCH(S32,$C$4:$C$153,0)),""))) | AJ32: =IF(OR(A32="",B32=""),"",IF(COUNTIFS($B$4:B32,B32,$A$4:A32,"<>")=1,MAX($AJ$3:AJ31)+1,"")) | AK32: =IF(OR(A32="",NOT(ISNUMBER(L32))),"",L32^2) -> 56.25 | AL32: =IF(OR(A32="",NOT(ISNUMBER(L32))),0,(L32-INDEX('計算'!$AE$7:$AG$7,X32))/INDEX('計算'!$AE$8:$AG$8,X32)) -> -0.43410481
A33: 2130 | B33: 1 | C33: 森 愛莉 | D33: もり あいり | E33: 女 | F33: 66 | G33: 53 | H33: 63 | I33: 72 | J33: 63 | K33: =IF(COUNT(F33:J33)=0,"",ROUND(AVERAGE(F33:J33),1)) -> 63.4 | L33: 8.6 | M33: × | Q33: 2123 原田 杏 | U33: =IF(A33="","",INDEX('計算'!$Z$2:$Z$151,AF33)) -> 3 | V33: =IF(A33="","",IFERROR(IF(INDEX('②クラス編成'!$E$9:$E$158,MATCH(A33,'②クラス編成'!$D$9:$D$158,0))="","未",INDEX('②クラス編成'!$E$9:$E$158,MATCH(A33,'②クラス編成'!$D$9:$D$158,0))),"未")) -> 3 | W33: =IF(A33="","",A33&" "&C33) -> 2130 森 愛莉 | X33: =IF(A33="","",IF(E33="男",1,IF(E33="女",2,3))) -> 2 | Y33: =IF(OR(M33="〇",M33="○",M33="◯"),1,0) -> 0 | Z33: =IF(OR(N33="〇",N33="○",N33="◯"),1,0) -> 0 | AA33: =IF(OR(O33="〇",O33="○",O33="◯"),1,0) -> 0 | AB33: =IF(OR(P33="〇",P33="○",P33="◯"),1,0) -> 0 | AC33: =IF(A33="","",IF(AA33=1,1,IF(Y33=1,2,IF(Z33=1,3,IF(AB33=1,4,5))))) -> 5 | AD33: =IF(A33="","",IF(K33="",'設定'!$C$37,K33)) -> 63.4 | AE33: =IF(A33="","",AC33*10000000-ROUND(ABS((AD33-'設定'!$C$37)/'設定'!$C$38)*10000,0)) -> 49999319 | AF33: =IF(A33="","",COUNTIF($AE$4:$AE$153,"<"&AE33)+COUNTIFS($AE$4:$AE$153,AE33,$A$4:$A$153,"<"&A33)+1) -> 100 | AG33: =IF(Q33="","",IFERROR(VALUE(LEFT(Q33,FIND(" ",Q33&" ")-1)),IFERROR(INDEX($A$4:$A$153,MATCH(Q33,$C$4:$C$153,0)),""))) -> 2123 | AH33: =IF(R33="","",IFERROR(VALUE(LEFT(R33,FIND(" ",R33&" ")-1)),IFERROR(INDEX($A$4:$A$153,MATCH(R33,$C$4:$C$153,0)),""))) | AI33: =IF(S33="","",IFERROR(VALUE(LEFT(S33,FIND(" ",S33&" ")-1)),IFERROR(INDEX($A$4:$A$153,MATCH(S33,$C$4:$C$153,0)),""))) | AJ33: =IF(OR(A33="",B33=""),"",IF(COUNTIFS($B$4:B33,B33,$A$4:A33,"<>")=1,MAX($AJ$3:AJ32)+1,"")) | AK33: =IF(OR(A33="",NOT(ISNUMBER(L33))),"",L33^2) -> 73.96 | AL33: =IF(OR(A33="",NOT(ISNUMBER(L33))),0,(L33-INDEX('計算'!$AE$7:$AG$7,X33))/INDEX('計算'!$AE$8:$AG$8,X33)) -> -0.43349463
A34: 2131 | B34: 1 | C34: 森田 杏 | D34: もりた あん | E34: 女 | F34: 55 | G34: 55 | H34: 62 | I34: 54 | J34: 85 | K34: =IF(COUNT(F34:J34)=0,"",ROUND(AVERAGE(F34:J34),1)) -> 62.2 | L34: 9.6 | M34: × | U34: =IF(A34="","",INDEX('計算'!$Z$2:$Z$151,AF34)) -> 1 | V34: =IF(A34="","",IFERROR(IF(INDEX('②クラス編成'!$E$9:$E$158,MATCH(A34,'②クラス編成'!$D$9:$D$158,0))="","未",INDEX('②クラス編成'!$E$9:$E$158,MATCH(A34,'②クラス編成'!$D$9:$D$158,0))),"未")) -> 1 | W34: =IF(A34="","",A34&" "&C34) -> 2131 森田 杏 | X34: =IF(A34="","",IF(E34="男",1,IF(E34="女",2,3))) -> 2 | Y34: =IF(OR(M34="〇",M34="○",M34="◯"),1,0) -> 0 | Z34: =IF(OR(N34="〇",N34="○",N34="◯"),1,0) -> 0 | AA34: =IF(OR(O34="〇",O34="○",O34="◯"),1,0) -> 0 | AB34: =IF(OR(P34="〇",P34="○",P34="◯"),1,0) -> 0 | AC34: =IF(A34="","",IF(AA34=1,1,IF(Y34=1,2,IF(Z34=1,3,IF(AB34=1,4,5))))) -> 5 | AD34: =IF(A34="","",IF(K34="",'設定'!$C$37,K34)) -> 62.2 | AE34: =IF(A34="","",AC34*10000000-ROUND(ABS((AD34-'設定'!$C$37)/'設定'!$C$38)*10000,0)) -> 49999785 | AF34: =IF(A34="","",COUNTIF($AE$4:$AE$153,"<"&AE34)+COUNTIFS($AE$4:$AE$153,AE34,$A$4:$A$153,"<"&A34)+1) -> 105 | AG34: =IF(Q34="","",IFERROR(VALUE(LEFT(Q34,FIND(" ",Q34&" ")-1)),IFERROR(INDEX($A$4:$A$153,MATCH(Q34,$C$4:$C$153,0)),""))) | AH34: =IF(R34="","",IFERROR(VALUE(LEFT(R34,FIND(" ",R34&" ")-1)),IFERROR(INDEX($A$4:$A$153,MATCH(R34,$C$4:$C$153,0)),""))) | AI34: =IF(S34="","",IFERROR(VALUE(LEFT(S34,FIND(" ",S34&" ")-1)),IFERROR(INDEX($A$4:$A$153,MATCH(S34,$C$4:$C$153,0)),""))) | AJ34: =IF(OR(A34="",B34=""),"",IF(COUNTIFS($B$4:B34,B34,$A$4:A34,"<>")=1,MAX($AJ$3:AJ33)+1,"")) | AK34: =IF(OR(A34="",NOT(ISNUMBER(L34))),"",L34^2) -> 92.16 | AL34: =IF(OR(A34="",NOT(ISNUMBER(L34))),0,(L34-INDEX('計算'!$AE$7:$AG$7,X34))/INDEX('計算'!$AE$8:$AG$8,X34)) -> 1.2041518
A35: 2132 | B35: 1 | C35: 森田 心春 | D35: もりた こはる | E35: 女 | F35: 66 | G35: 76 | H35: 69 | I35: 74 | J35: 79 | K35: =IF(COUNT(F35:J35)=0,"",ROUND(AVERAGE(F35:J35),1)) -> 72.8 | L35: 8 | M35: × | N35: 〇 | U35: =IF(A35="","",INDEX('計算'!$Z$2:$Z$151,AF35)) -> 2 | V35: =IF(A35="","",IFERROR(IF(INDEX('②クラス編成'!$E$9:$E$158,MATCH(A35,'②クラス編成'!$D$9:$D$158,0))="","未",INDEX('②クラス編成'!$E$9:$E$158,MATCH(A35,'②クラス編成'!$D$9:$D$158,0))),"未")) -> 2 | W35: =IF(A35="","",A35&" "&C35) -> 2132 森田 心春 | X35: =IF(A35="","",IF(E35="男",1,IF(E35="女",2,3))) -> 2 | Y35: =IF(OR(M35="〇",M35="○",M35="◯"),1,0) -> 0 | Z35: =IF(OR(N35="〇",N35="○",N35="◯"),1,0) -> 1 | AA35: =IF(OR(O35="〇",O35="○",O35="◯"),1,0) -> 0 | AB35: =IF(OR(P35="〇",P35="○",P35="◯"),1,0) -> 0 | AC35: =IF(A35="","",IF(AA35=1,1,IF(Y35=1,2,IF(Z35=1,3,IF(AB35=1,4,5))))) -> 3 | AD35: =IF(A35="","",IF(K35="",'設定'!$C$37,K35)) -> 72.8 | AE35: =IF(A35="","",AC35*10000000-ROUND(ABS((AD35-'設定'!$C$37)/'設定'!$C$38)*10000,0)) -> 29992299 | AF35: =IF(A35="","",COUNTIF($AE$4:$AE$153,"<"&AE35)+COUNTIFS($AE$4:$AE$153,AE35,$A$4:$A$153,"<"&A35)+1) -> 21 | AG35: =IF(Q35="","",IFERROR(VALUE(LEFT(Q35,FIND(" ",Q35&" ")-1)),IFERROR(INDEX($A$4:$A$153,MATCH(Q35,$C$4:$C$153,0)),""))) | AH35: =IF(R35="","",IFERROR(VALUE(LEFT(R35,FIND(" ",R35&" ")-1)),IFERROR(INDEX($A$4:$A$153,MATCH(R35,$C$4:$C$153,0)),""))) | AI35: =IF(S35="","",IFERROR(VALUE(LEFT(S35,FIND(" ",S35&" ")-1)),IFERROR(INDEX($A$4:$A$153,MATCH(S35,$C$4:$C$153,0)),""))) | AJ35: =IF(OR(A35="",B35=""),"",IF(COUNTIFS($B$4:B35,B35,$A$4:A35,"<>")=1,MAX($AJ$3:AJ34)+1,"")) | AK35: =IF(OR(A35="",NOT(ISNUMBER(L35))),"",L35^2) -> 64 | AL35: =IF(OR(A35="",NOT(ISNUMBER(L35))),0,(L35-INDEX('計算'!$AE$7:$AG$7,X35))/INDEX('計算'!$AE$8:$AG$8,X35)) -> -1.4160825
A36: 2133 | B36: 1 | C36: 山崎 遥 | D36: やまざき はるか | E36: 女 | F36: 41 | G36: 50 | H36: 45 | I36: 61 | J36: 50 | K36: =IF(COUNT(F36:J36)=0,"",ROUND(AVERAGE(F36:J36),1)) -> 49.4 | L36: 8.7 | M36: × | U36: =IF(A36="","",INDEX('計算'!$Z$2:$Z$151,AF36)) -> 2 | V36: =IF(A36="","",IFERROR(IF(INDEX('②クラス編成'!$E$9:$E$158,MATCH(A36,'②クラス編成'!$D$9:$D$158,0))="","未",INDEX('②クラス編成'!$E$9:$E$158,MATCH(A36,'②クラス編成'!$D$9:$D$158,0))),"未")) -> 2 | W36: =IF(A36="","",A36&" "&C36) -> 2133 山崎 遥 | X36: =IF(A36="","",IF(E36="男",1,IF(E36="女",2,3))) -> 2 | Y36: =IF(OR(M36="〇",M36="○",M36="◯"),1,0) -> 0 | Z36: =IF(OR(N36="〇",N36="○",N36="◯"),1,0) -> 0 | AA36: =IF(OR(O36="〇",O36="○",O36="◯"),1,0) -> 0 | AB36: =IF(OR(P36="〇",P36="○",P36="◯"),1,0) -> 0 | AC36: =IF(A36="","",IF(AA36=1,1,IF(Y36=1,2,IF(Z36=1,3,IF(AB36=1,4,5))))) -> 5 | AD36: =IF(A36="","",IF(K36="",'設定'!$C$37,K36)) -> 49.4 | AE36: =IF(A36="","",AC36*10000000-ROUND(ABS((AD36-'設定'!$C$37)/'設定'!$C$38)*10000,0)) -> 49990227 | AF36: =IF(A36="","",COUNTIF($AE$4:$AE$153,"<"&AE36)+COUNTIFS($AE$4:$AE$153,AE36,$A$4:$A$153,"<"&A36)+1) -> 58 | AG36: =IF(Q36="","",IFERROR(VALUE(LEFT(Q36,FIND(" ",Q36&" ")-1)),IFERROR(INDEX($A$4:$A$153,MATCH(Q36,$C$4:$C$153,0)),""))) | AH36: =IF(R36="","",IFERROR(VALUE(LEFT(R36,FIND(" ",R36&" ")-1)),IFERROR(INDEX($A$4:$A$153,MATCH(R36,$C$4:$C$153,0)),""))) | AI36: =IF(S36="","",IFERROR(VALUE(LEFT(S36,FIND(" ",S36&" ")-1)),IFERROR(INDEX($A$4:$A$153,MATCH(S36,$C$4:$C$153,0)),""))) | AJ36: =IF(OR(A36="",B36=""),"",IF(COUNTIFS($B$4:B36,B36,$A$4:A36,"<>")=1,MAX($AJ$3:AJ35)+1,"")) | AK36: =IF(OR(A36="",NOT(ISNUMBER(L36))),"",L36^2) -> 75.69 | AL36: =IF(OR(A36="",NOT(ISNUMBER(L36))),0,(L36-INDEX('計算'!$AE$7:$AG$7,X36))/INDEX('計算'!$AE$8:$AG$8,X36)) -> -0.26972999
A37: 2134 | B37: 1 | C37: 山下 律 | D37: やました りつ | E37: 男 | F37: 87 | G37: 94 | H37: 74 | I37: 87 | J37: 76 | K37: =IF(COUNT(F37:J37)=0,"",ROUND(AVERAGE(F37:J37),1)) -> 83.6 | L37: 7 | M37: 〇 | U37: =IF(A37="","",INDEX('計算'!$Z$2:$Z$151,AF37)) -> 2 | V37: =IF(A37="","",IFERROR(IF(INDEX('②クラス編成'!$E$9:$E$158,MATCH(A37,'②クラス編成'!$D$9:$D$158,0))="","未",INDEX('②クラス編成'!$E$9:$E$158,MATCH(A37,'②クラス編成'!$D$9:$D$158,0))),"未")) -> 2 | W37: =IF(A37="","",A37&" "&C37) -> 2134 山下 律 | X37: =IF(A37="","",IF(E37="男",1,IF(E37="女",2,3))) -> 1 | Y37: =IF(OR(M37="〇",M37="○",M37="◯"),1,0) -> 1 | Z37: =IF(OR(N37="〇",N37="○",N37="◯"),1,0) -> 0 | AA37: =IF(OR(O37="〇",O37="○",O37="◯"),1,0) -> 0 | AB37: =IF(OR(P37="〇",P37="○",P37="◯"),1,0) -> 0 | AC37: =IF(A37="","",IF(AA37=1,1,IF(Y37=1,2,IF(Z37=1,3,IF(AB37=1,4,5))))) -> 2 | AD37: =IF(A37="","",IF(K37="",'設定'!$C$37,K37)) -> 83.6 | AE37: =IF(A37="","",AC37*10000000-ROUND(ABS((AD37-'設定'!$C$37)/'設定'!$C$38)*10000,0)) -> 19984234 | AF37: =IF(A37="","",COUNTIF($AE$4:$AE$153,"<"&AE37)+COUNTIFS($AE$4:$AE$153,AE37,$A$4:$A$153,"<"&A37)+1) -> 8 | AG37: =IF(Q37="","",IFERROR(VALUE(LEFT(Q37,FIND(" ",Q37&" ")-1)),IFERROR(INDEX($A$4:$A$153,MATCH(Q37,$C$4:$C$153,0)),""))) | AH37: =IF(R37="","",IFERROR(VALUE(LEFT(R37,FIND(" ",R37&" ")-1)),IFERROR(INDEX($A$4:$A$153,MATCH(R37,$C$4:$C$153,0)),""))) | AI37: =IF(S37="","",IFERROR(VALUE(LEFT(S37,FIND(" ",S37&" ")-1)),IFERROR(INDEX($A$4:$A$153,MATCH(S37,$C$4:$C$153,0)),""))) | AJ37: =IF(OR(A37="",B37=""),"",IF(COUNTIFS($B$4:B37,B37,$A$4:A37,"<>")=1,MAX($AJ$3:AJ36)+1,"")) | AK37: =IF(OR(A37="",NOT(ISNUMBER(L37))),"",L37^2) -> 49 | AL37: =IF(OR(A37="",NOT(ISNUMBER(L37))),0,(L37-INDEX('計算'!$AE$7:$AG$7,X37))/INDEX('計算'!$AE$8:$AG$8,X37)) -> -1.5720495
A38: 2135 | B38: 1 | C38: 渡辺 圭吾 | D38: わたなべ けいご | E38: 男 | F38: 49 | G38: 52 | H38: 43 | I38: 65 | J38: 52 | K38: =IF(COUNT(F38:J38)=0,"",ROUND(AVERAGE(F38:J38),1)) -> 52.2 | L38: 6.8 | M38: × | U38: =IF(A38="","",INDEX('計算'!$Z$2:$Z$151,AF38)) -> 1 | V38: =IF(A38="","",IFERROR(IF(INDEX('②クラス編成'!$E$9:$E$158,MATCH(A38,'②クラス編成'!$D$9:$D$158,0))="","未",INDEX('②クラス編成'!$E$9:$E$158,MATCH(A38,'②クラス編成'!$D$9:$D$158,0))),"未")) -> 1 | W38: =IF(A38="","",A38&" "&C38) -> 2135 渡辺 圭吾 | X38: =IF(A38="","",IF(E38="男",1,IF(E38="女",2,3))) -> 1 | Y38: =IF(OR(M38="〇",M38="○",M38="◯"),1,0) -> 0 | Z38: =IF(OR(N38="〇",N38="○",N38="◯"),1,0) -> 0 | AA38: =IF(OR(O38="〇",O38="○",O38="◯"),1,0) -> 0 | AB38: =IF(OR(P38="〇",P38="○",P38="◯"),1,0) -> 0 | AC38: =IF(A38="","",IF(AA38=1,1,IF(Y38=1,2,IF(Z38=1,3,IF(AB38=1,4,5))))) -> 5 | AD38: =IF(A38="","",IF(K38="",'設定'!$C$37,K38)) -> 52.2 | AE38: =IF(A38="","",AC38*10000000-ROUND(ABS((AD38-'設定'!$C$37)/'設定'!$C$38)*10000,0)) -> 49992317 | AF38: =IF(A38="","",COUNTIF($AE$4:$AE$153,"<"&AE38)+COUNTIFS($AE$4:$AE$153,AE38,$A$4:$A$153,"<"&A38)+1) -> 71 | AG38: =IF(Q38="","",IFERROR(VALUE(LEFT(Q38,FIND(" ",Q38&" ")-1)),IFERROR(INDEX($A$4:$A$153,MATCH(Q38,$C$4:$C$153,0)),""))) | AH38: =IF(R38="","",IFERROR(VALUE(LEFT(R38,FIND(" ",R38&" ")-1)),IFERROR(INDEX($A$4:$A$153,MATCH(R38,$C$4:$C$153,0)),""))) | AI38: =IF(S38="","",IFERROR(VALUE(LEFT(S38,FIND(" ",S38&" ")-1)),IFERROR(INDEX($A$4:$A$153,MATCH(S38,$C$4:$C$153,0)),""))) | AJ38: =IF(OR(A38="",B38=""),"",IF(COUNTIFS($B$4:B38,B38,$A$4:A38,"<>")=1,MAX($AJ$3:AJ37)+1,"")) | AK38: =IF(OR(A38="",NOT(ISNUMBER(L38))),"",L38^2) -> 46.24 | AL38: =IF(OR(A38="",NOT(ISNUMBER(L38))),0,(L38-INDEX('計算'!$AE$7:$AG$7,X38))/INDEX('計算'!$AE$8:$AG$8,X38)) -> -2.0272273
A39: 2201 | B39: 2 | C39: 石井 凛 | D39: いしい りん | E39: 女 | F39: 54 | G39: 49 | H39: 58 | I39: 63 | J39: 49 | K39: =IF(COUNT(F39:J39)=0,"",ROUND(AVERAGE(F39:J39),1)) -> 54.6 | L39: 8.5 | M39: × | U39: =IF(A39="","",INDEX('計算'!$Z$2:$Z$151,AF39)) -> 2 | V39: =IF(A39="","",IFERROR(IF(INDEX('②クラス編成'!$E$9:$E$158,MATCH(A39,'②クラス編成'!$D$9:$D$158,0))="","未",INDEX('②クラス編成'!$E$9:$E$158,MATCH(A39,'②クラス編成'!$D$9:$D$158,0))),"未")) -> 2 | W39: =IF(A39="","",A39&" "&C39) -> 2201 石井 凛 | X39: =IF(A39="","",IF(E39="男",1,IF(E39="女",2,3))) -> 2 | Y39: =IF(OR(M39="〇",M39="○",M39="◯"),1,0) -> 0 | Z39: =IF(OR(N39="〇",N39="○",N39="◯"),1,0) -> 0 | AA39: =IF(OR(O39="〇",O39="○",O39="◯"),1,0) -> 0 | AB39: =IF(OR(P39="〇",P39="○",P39="◯"),1,0) -> 0 | AC39: =IF(A39="","",IF(AA39=1,1,IF(Y39=1,2,IF(Z39=1,3,IF(AB39=1,4,5))))) -> 5 | AD39: =IF(A39="","",IF(K39="",'設定'!$C$37,K39)) -> 54.6 | AE39: =IF(A39="","",AC39*10000000-ROUND(ABS((AD39-'設定'!$C$37)/'設定'!$C$38)*10000,0)) -> 49994110 | AF39: =IF(A39="","",COUNTIF($AE$4:$AE$153,"<"&AE39)+COUNTIFS($AE$4:$AE$153,AE39,$A$4:$A$153,"<"&A39)+1) -> 78 | AG39: =IF(Q39="","",IFERROR(VALUE(LEFT(Q39,FIND(" ",Q39&" ")-1)),IFERROR(INDEX($A$4:$A$153,MATCH(Q39,$C$4:$C$153,0)),""))) | AH39: =IF(R39="","",IFERROR(VALUE(LEFT(R39,FIND(" ",R39&" ")-1)),IFERROR(INDEX($A$4:$A$153,MATCH(R39,$C$4:$C$153,0)),""))) | AI39: =IF(S39="","",IFERROR(VALUE(LEFT(S39,FIND(" ",S39&" ")-1)),IFERROR(INDEX($A$4:$A$153,MATCH(S39,$C$4:$C$153,0)),""))) | AJ39: =IF(OR(A39="",B39=""),"",IF(COUNTIFS($B$4:B39,B39,$A$4:A39,"<>")=1,MAX($AJ$3:AJ38)+1,"")) -> 2 | AK39: =IF(OR(A39="",NOT(ISNUMBER(L39))),"",L39^2) -> 72.25 | AL39: =IF(OR(A39="",NOT(ISNUMBER(L39))),0,(L39-INDEX('計算'!$AE$7:$AG$7,X39))/INDEX('計算'!$AE$8:$AG$8,X39)) -> -0.59725927
A40: 2202 | B40: 2 | C40: 石川 紬 | D40: いしかわ つむぎ | E40: 女 | F40: 36 | G40: 48 | H40: 49 | I40: 50 | J40: 29 | K40: =IF(COUNT(F40:J40)=0,"",ROUND(AVERAGE(F40:J40),1)) -> 42.4 | L40: 8 | M40: × | U40: =IF(A40="","",INDEX('計算'!$Z$2:$Z$151,AF40)) -> 2 | V40: =IF(A40="","",IFERROR(IF(INDEX('②クラス編成'!$E$9:$E$158,MATCH(A40,'②クラス編成'!$D$9:$D$158,0))="","未",INDEX('②クラス編成'!$E$9:$E$158,MATCH(A40,'②クラス編成'!$D$9:$D$158,0))),"未")) -> 2 | W40: =IF(A40="","",A40&" "&C40) -> 2202 石川 紬 | X40: =IF(A40="","",IF(E40="男",1,IF(E40="女",2,3))) -> 2 | Y40: =IF(OR(M40="〇",M40="○",M40="◯"),1,0) -> 0 | Z40: =IF(OR(N40="〇",N40="○",N40="◯"),1,0) -> 0 | AA40: =IF(OR(O40="〇",O40="○",O40="◯"),1,0) -> 0 | AB40: =IF(OR(P40="〇",P40="○",P40="◯"),1,0) -> 0 | AC40: =IF(A40="","",IF(AA40=1,1,IF(Y40=1,2,IF(Z40=1,3,IF(AB40=1,4,5))))) -> 5 | AD40: =IF(A40="","",IF(K40="",'設定'!$C$37,K40)) -> 42.4 | AE40: =IF(A40="","",AC40*10000000-ROUND(ABS((AD40-'設定'!$C$37)/'設定'!$C$38)*10000,0)) -> 49984999 | AF40: =IF(A40="","",COUNTIF($AE$4:$AE$153,"<"&AE40)+COUNTIFS($AE$4:$AE$153,AE40,$A$4:$A$153,"<"&A40)+1) -> 35 | AG40: =IF(Q40="","",IFERROR(VALUE(LEFT(Q40,FIND(" ",Q40&" ")-1)),IFERROR(INDEX($A$4:$A$153,MATCH(Q40,$C$4:$C$153,0)),""))) | AH40: =IF(R40="","",IFERROR(VALUE(LEFT(R40,FIND(" ",R40&" ")-1)),IFERROR(INDEX($A$4:$A$153,MATCH(R40,$C$4:$C$153,0)),""))) | AI40: =IF(S40="","",IFERROR(VALUE(LEFT(S40,FIND(" ",S40&" ")-1)),IFERROR(INDEX($A$4:$A$153,MATCH(S40,$C$4:$C$153,0)),""))) | AJ40: =IF(OR(A40="",B40=""),"",IF(COUNTIFS($B$4:B40,B40,$A$4:A40,"<>")=1,MAX($AJ$3:AJ39)+1,"")) | AK40: =IF(OR(A40="",NOT(ISNUMBER(L40))),"",L40^2) -> 64 | AL40: =IF(OR(A40="",NOT(ISNUMBER(L40))),0,(L40-INDEX('計算'!$AE$7:$AG$7,X40))/INDEX('計算'!$AE$8:$AG$8,X40)) -> -1.4160825
A41: 2203 | B41: 2 | C41: 石田 心春 | D41: いしだ こはる | E41: 女 | F41: 75 | G41: 77 | H41: 72 | I41: 76 | J41: 72 | K41: =IF(COUNT(F41:J41)=0,"",ROUND(AVERAGE(F41:J41),1)) -> 74.4 | L41: 8.1 | M41: 〇 | U41: =IF(A41="","",INDEX('計算'!$Z$2:$Z$151,AF41)) -> 1 | V41: =IF(A41="","",IFERROR(IF(INDEX('②クラス編成'!$E$9:$E$158,MATCH(A41,'②クラス編成'!$D$9:$D$158,0))="","未",INDEX('②クラス編成'!$E$9:$E$158,MATCH(A41,'②クラス編成'!$D$9:$D$158,0))),"未")) -> 1 | W41: =IF(A41="","",A41&" "&C41) -> 2203 石田 心春 | X41: =IF(A41="","",IF(E41="男",1,IF(E41="女",2,3))) -> 2 | Y41: =IF(OR(M41="〇",M41="○",M41="◯"),1,0) -> 1 | Z41: =IF(OR(N41="〇",N41="○",N41="◯"),1,0) -> 0 | AA41: =IF(OR(O41="〇",O41="○",O41="◯"),1,0) -> 0 | AB41: =IF(OR(P41="〇",P41="○",P41="◯"),1,0) -> 0 | AC41: =IF(A41="","",IF(AA41=1,1,IF(Y41=1,2,IF(Z41=1,3,IF(AB41=1,4,5))))) -> 2 | AD41: =IF(A41="","",IF(K41="",'設定'!$C$37,K41)) -> 74.4 | AE41: =IF(A41="","",AC41*10000000-ROUND(ABS((AD41-'設定'!$C$37)/'設定'!$C$38)*10000,0)) -> 19991104 | AF41: =IF(A41="","",COUNTIF($AE$4:$AE$153,"<"&AE41)+COUNTIFS($AE$4:$AE$153,AE41,$A$4:$A$153,"<"&A41)+1) -> 13 | AG41: =IF(Q41="","",IFERROR(VALUE(LEFT(Q41,FIND(" ",Q41&" ")-1)),IFERROR(INDEX($A$4:$A$153,MATCH(Q41,$C$4:$C$153,0)),""))) | AH41: =IF(R41="","",IFERROR(VALUE(LEFT(R41,FIND(" ",R41&" ")-1)),IFERROR(INDEX($A$4:$A$153,MATCH(R41,$C$4:$C$153,0)),""))) | AI41: =IF(S41="","",IFERROR(VALUE(LEFT(S41,FIND(" ",S41&" ")-1)),IFERROR(INDEX($A$4:$A$153,MATCH(S41,$C$4:$C$153,0)),""))) | AJ41: =IF(OR(A41="",B41=""),"",IF(COUNTIFS($B$4:B41,B41,$A$4:A41,"<>")=1,MAX($AJ$3:AJ40)+1,"")) | AK41: =IF(OR(A41="",NOT(ISNUMBER(L41))),"",L41^2) -> 65.61 | AL41: =IF(OR(A41="",NOT(ISNUMBER(L41))),0,(L41-INDEX('計算'!$AE$7:$AG$7,X41))/INDEX('計算'!$AE$8:$AG$8,X41)) -> -1.2523178
A42: 2204 | B42: 2 | C42: 石田 直樹 | D42: いしだ なおき | E42: 男 | F42: 59 | G42: 34 | H42: 39 | I42: 54 | J42: 34 | K42: =IF(COUNT(F42:J42)=0,"",ROUND(AVERAGE(F42:J42),1)) -> 44 | L42: 8 | M42: × | N42: 〇 | T42: 生徒会 | U42: =IF(A42="","",INDEX('計算'!$Z$2:$Z$151,AF42)) -> 1 | V42: =IF(A42="","",IFERROR(IF(INDEX('②クラス編成'!$E$9:$E$158,MATCH(A42,'②クラス編成'!$D$9:$D$158,0))="","未",INDEX('②クラス編成'!$E$9:$E$158,MATCH(A42,'②クラス編成'!$D$9:$D$158,0))),"未")) -> 1 | W42: =IF(A42="","",A42&" "&C42) -> 2204 石田 直樹 | X42: =IF(A42="","",IF(E42="男",1,IF(E42="女",2,3))) -> 1 | Y42: =IF(OR(M42="〇",M42="○",M42="◯"),1,0) -> 0 | Z42: =IF(OR(N42="〇",N42="○",N42="◯"),1,0) -> 1 | AA42: =IF(OR(O42="〇",O42="○",O42="◯"),1,0) -> 0 | AB42: =IF(OR(P42="〇",P42="○",P42="◯"),1,0) -> 0 | AC42: =IF(A42="","",IF(AA42=1,1,IF(Y42=1,2,IF(Z42=1,3,IF(AB42=1,4,5))))) -> 3 | AD42: =IF(A42="","",IF(K42="",'設定'!$C$37,K42)) -> 44 | AE42: =IF(A42="","",AC42*10000000-ROUND(ABS((AD42-'設定'!$C$37)/'設定'!$C$38)*10000,0)) -> 29986194 | AF42: =IF(A42="","",COUNTIF($AE$4:$AE$153,"<"&AE42)+COUNTIFS($AE$4:$AE$153,AE42,$A$4:$A$153,"<"&A42)+1) -> 17 | AG42: =IF(Q42="","",IFERROR(VALUE(LEFT(Q42,FIND(" ",Q42&" ")-1)),IFERROR(INDEX($A$4:$A$153,MATCH(Q42,$C$4:$C$153,0)),""))) | AH42: =IF(R42="","",IFERROR(VALUE(LEFT(R42,FIND(" ",R42&" ")-1)),IFERROR(INDEX($A$4:$A$153,MATCH(R42,$C$4:$C$153,0)),""))) | AI42: =IF(S42="","",IFERROR(VALUE(LEFT(S42,FIND(" ",S42&" ")-1)),IFERROR(INDEX($A$4:$A$153,MATCH(S42,$C$4:$C$153,0)),""))) | AJ42: =IF(OR(A42="",B42=""),"",IF(COUNTIFS($B$4:B42,B42,$A$4:A42,"<>")=1,MAX($AJ$3:AJ41)+1,"")) | AK42: =IF(OR(A42="",NOT(ISNUMBER(L42))),"",L42^2) -> 64 | AL42: =IF(OR(A42="",NOT(ISNUMBER(L42))),0,(L42-INDEX('計算'!$AE$7:$AG$7,X42))/INDEX('計算'!$AE$8:$AG$8,X42)) -> 0.70383984
A43: 2205 | B43: 2 | C43: 石田 優奈 | D43: いしだ ゆうな | E43: 女 | F43: 91 | G43: 79 | H43: 73 | I43: 70 | J43: 68 | K43: =IF(COUNT(F43:J43)=0,"",ROUND(AVERAGE(F43:J43),1)) -> 76.2 | L43: 7.8 | M43: × | T43: 図書委員 | U43: =IF(A43="","",INDEX('計算'!$Z$2:$Z$151,AF43)) -> 3 | V43: =IF(A43="","",IFERROR(IF(INDEX('②クラス編成'!$E$9:$E$158,MATCH(A43,'②クラス編成'!$D$9:$D$158,0))="","未",INDEX('②クラス編成'!$E$9:$E$158,MATCH(A43,'②クラス編成'!$D$9:$D$158,0))),"未")) -> 3 | W43: =IF(A43="","",A43&" "&C43) -> 2205 石田 優奈 | X43: =IF(A43="","",IF(E43="男",1,IF(E43="女",2,3))) -> 2 | Y43: =IF(OR(M43="〇",M43="○",M43="◯"),1,0) -> 0 | Z43: =IF(OR(N43="〇",N43="○",N43="◯"),1,0) -> 0 | AA43: =IF(OR(O43="〇",O43="○",O43="◯"),1,0) -> 0 | AB43: =IF(OR(P43="〇",P43="○",P43="◯"),1,0) -> 0 | AC43: =IF(A43="","",IF(AA43=1,1,IF(Y43=1,2,IF(Z43=1,3,IF(AB43=1,4,5))))) -> 5 | AD43: =IF(A43="","",IF(K43="",'設定'!$C$37,K43)) -> 76.2 | AE43: =IF(A43="","",AC43*10000000-ROUND(ABS((AD43-'設定'!$C$37)/'設定'!$C$38)*10000,0)) -> 49989760 | AF43: =IF(A43="","",COUNTIF($AE$4:$AE$153,"<"&AE43)+COUNTIFS($AE$4:$AE$153,AE43,$A$4:$A$153,"<"&A43)+1) -> 56 | AG43: =IF(Q43="","",IFERROR(VALUE(LEFT(Q43,FIND(" ",Q43&" ")-1)),IFERROR(INDEX($A$4:$A$153,MATCH(Q43,$C$4:$C$153,0)),""))) | AH43: =IF(R43="","",IFERROR(VALUE(LEFT(R43,FIND(" ",R43&" ")-1)),IFERROR(INDEX($A$4:$A$153,MATCH(R43,$C$4:$C$153,0)),""))) | AI43: =IF(S43="","",IFERROR(VALUE(LEFT(S43,FIND(" ",S43&" ")-1)),IFERROR(INDEX($A$4:$A$153,MATCH(S43,$C$4:$C$153,0)),""))) | AJ43: =IF(OR(A43="",B43=""),"",IF(COUNTIFS($B$4:B43,B43,$A$4:A43,"<>")=1,MAX($AJ$3:AJ42)+1,"")) | AK43: =IF(OR(A43="",NOT(ISNUMBER(L43))),"",L43^2) -> 60.84 | AL43: =IF(OR(A43="",NOT(ISNUMBER(L43))),0,(L43-INDEX('計算'!$AE$7:$AG$7,X43))/INDEX('計算'!$AE$8:$AG$8,X43)) -> -1.7436117
A44: 2206 | B44: 2 | C44: 石田 陸 | D44: いしだ りく | E44: 男 | F44: 88 | G44: 76 | H44: 87 | I44: 64 | J44: 86 | K44: =IF(COUNT(F44:J44)=0,"",ROUND(AVERAGE(F44:J44),1)) -> 80.2 | L44: 7 | M44: × | O44: 〇 | U44: =IF(A44="","",INDEX('計算'!$Z$2:$Z$151,AF44)) -> 3 | V44: =IF(A44="","",IFERROR(IF(INDEX('②クラス編成'!$E$9:$E$158,MATCH(A44,'②クラス編成'!$D$9:$D$158,0))="","未",INDEX('②クラス編成'!$E$9:$E$158,MATCH(A44,'②クラス編成'!$D$9:$D$158,0))),"未")) -> 3 | W44: =IF(A44="","",A44&" "&C44) -> 2206 石田 陸 | X44: =IF(A44="","",IF(E44="男",1,IF(E44="女",2,3))) -> 1 | Y44: =IF(OR(M44="〇",M44="○",M44="◯"),1,0) -> 0 | Z44: =IF(OR(N44="〇",N44="○",N44="◯"),1,0) -> 0 | AA44: =IF(OR(O44="〇",O44="○",O44="◯"),1,0) -> 1 | AB44: =IF(OR(P44="〇",P44="○",P44="◯"),1,0) -> 0 | AC44: =IF(A44="","",IF(AA44=1,1,IF(Y44=1,2,IF(Z44=1,3,IF(AB44=1,4,5))))) -> 1 | AD44: =IF(A44="","",IF(K44="",'設定'!$C$37,K44)) -> 80.2 | AE44: =IF(A44="","",AC44*10000000-ROUND(ABS((AD44-'設定'!$C$37)/'設定'!$C$38)*10000,0)) -> 9986773 | AF44: =IF(A44="","",COUNTIF($AE$4:$AE$153,"<"&AE44)+COUNTIFS($AE$4:$AE$153,AE44,$A$4:$A$153,"<"&A44)+1) -> 3 | AG44: =IF(Q44="","",IFERROR(VALUE(LEFT(Q44,FIND(" ",Q44&" ")-1)),IFERROR(INDEX($A$4:$A$153,MATCH(Q44,$C$4:$C$153,0)),""))) | AH44: =IF(R44="","",IFERROR(VALUE(LEFT(R44,FIND(" ",R44&" ")-1)),IFERROR(INDEX($A$4:$A$153,MATCH(R44,$C$4:$C$153,0)),""))) | AI44: =IF(S44="","",IFERROR(VALUE(LEFT(S44,FIND(" ",S44&" ")-1)),IFERROR(INDEX($A$4:$A$153,MATCH(S44,$C$4:$C$153,0)),""))) | AJ44: =IF(OR(A44="",B44=""),"",IF(COUNTIFS($B$4:B44,B44,$A$4:A44,"<>")=1,MAX($AJ$3:AJ43)+1,"")) | AK44: =IF(OR(A44="",NOT(ISNUMBER(L44))),"",L44^2) -> 49 | AL44: =IF(OR(A44="",NOT(ISNUMBER(L44))),0,(L44-INDEX('計算'!$AE$7:$AG$7,X44))/INDEX('計算'!$AE$8:$AG$8,X44)) -> -1.5720495
A45: 2207 | B45: 2 | C45: 伊藤 美桜 | D45: いとう みお | E45: 女 | F45: 56 | G45: 30 | H45: 54 | I45: 57 | J45: 43 | K45: =IF(COUNT(F45:J45)=0,"",ROUND(AVERAGE(F45:J45),1)) -> 48 | L45: 8.8 | M45: × | S45: 2234 吉田 陽翔 | U45: =IF(A45="","",INDEX('計算'!$Z$2:$Z$151,AF45)) -> 1 | V45: =IF(A45="","",IFERROR(IF(INDEX('②クラス編成'!$E$9:$E$158,MATCH(A45,'②クラス編成'!$D$9:$D$158,0))="","未",INDEX('②クラス編成'!$E$9:$E$158,MATCH(A45,'②クラス編成'!$D$9:$D$158,0))),"未")) -> 1 | W45: =IF(A45="","",A45&" "&C45) -> 2207 伊藤 美桜 | X45: =IF(A45="","",IF(E45="男",1,IF(E45="女",2,3))) -> 2 | Y45: =IF(OR(M45="〇",M45="○",M45="◯"),1,0) -> 0 | Z45: =IF(OR(N45="〇",N45="○",N45="◯"),1,0) -> 0 | AA45: =IF(OR(O45="〇",O45="○",O45="◯"),1,0) -> 0 | AB45: =IF(OR(P45="〇",P45="○",P45="◯"),1,0) -> 0 | AC45: =IF(A45="","",IF(AA45=1,1,IF(Y45=1,2,IF(Z45=1,3,IF(AB45=1,4,5))))) -> 5 | AD45: =IF(A45="","",IF(K45="",'設定'!$C$37,K45)) -> 48 | AE45: =IF(A45="","",AC45*10000000-ROUND(ABS((AD45-'設定'!$C$37)/'設定'!$C$38)*10000,0)) -> 49989181 | AF45: =IF(A45="","",COUNTIF($AE$4:$AE$153,"<"&AE45)+COUNTIFS($AE$4:$AE$153,AE45,$A$4:$A$153,"<"&A45)+1) -> 53 | AG45: =IF(Q45="","",IFERROR(VALUE(LEFT(Q45,FIND(" ",Q45&" ")-1)),IFERROR(INDEX($A$4:$A$153,MATCH(Q45,$C$4:$C$153,0)),""))) | AH45: =IF(R45="","",IFERROR(VALUE(LEFT(R45,FIND(" ",R45&" ")-1)),IFERROR(INDEX($A$4:$A$153,MATCH(R45,$C$4:$C$153,0)),""))) | AI45: =IF(S45="","",IFERROR(VALUE(LEFT(S45,FIND(" ",S45&" ")-1)),IFERROR(INDEX($A$4:$A$153,MATCH(S45,$C$4:$C$153,0)),""))) -> 2234 | AJ45: =IF(OR(A45="",B45=""),"",IF(COUNTIFS($B$4:B45,B45,$A$4:A45,"<>")=1,MAX($AJ$3:AJ44)+1,"")) | AK45: =IF(OR(A45="",NOT(ISNUMBER(L45))),"",L45^2) -> 77.44 | AL45: =IF(OR(A45="",NOT(ISNUMBER(L45))),0,(L45-INDEX('計算'!$AE$7:$AG$7,X45))/INDEX('計算'!$AE$8:$AG$8,X45)) -> -0.10596535
A46: 2208 | B46: 2 | C46: 江口 美桜 | D46: えぐち みお | E46: 女 | F46: 84 | G46: 76 | H46: 98 | I46: 70 | J46: 72 | K46: =IF(COUNT(F46:J46)=0,"",ROUND(AVERAGE(F46:J46),1)) -> 80 | L46: 8.7 | M46: × | U46: =IF(A46="","",INDEX('計算'!$Z$2:$Z$151,AF46)) -> 2 | V46: =IF(A46="","",IFERROR(IF(INDEX('②クラス編成'!$E$9:$E$158,MATCH(A46,'②クラス編成'!$D$9:$D$158,0))="","未",INDEX('②クラス編成'!$E$9:$E$158,MATCH(A46,'②クラス編成'!$D$9:$D$158,0))),"未")) -> 2 | W46: =IF(A46="","",A46&" "&C46) -> 2208 江口 美桜 | X46: =IF(A46="","",IF(E46="男",1,IF(E46="女",2,3))) -> 2 | Y46: =IF(OR(M46="〇",M46="○",M46="◯"),1,0) -> 0 | Z46: =IF(OR(N46="〇",N46="○",N46="◯"),1,0) -> 0 | AA46: =IF(OR(O46="〇",O46="○",O46="◯"),1,0) -> 0 | AB46: =IF(OR(P46="〇",P46="○",P46="◯"),1,0) -> 0 | AC46: =IF(A46="","",IF(AA46=1,1,IF(Y46=1,2,IF(Z46=1,3,IF(AB46=1,4,5))))) -> 5 | AD46: =IF(A46="","",IF(K46="",'設定'!$C$37,K46)) -> 80 | AE46: =IF(A46="","",AC46*10000000-ROUND(ABS((AD46-'設定'!$C$37)/'設定'!$C$38)*10000,0)) -> 49986922 | AF46: =IF(A46="","",COUNTIF($AE$4:$AE$153,"<"&AE46)+COUNTIFS($AE$4:$AE$153,AE46,$A$4:$A$153,"<"&A46)+1) -> 39 | AG46: =IF(Q46="","",IFERROR(VALUE(LEFT(Q46,FIND(" ",Q46&" ")-1)),IFERROR(INDEX($A$4:$A$153,MATCH(Q46,$C$4:$C$153,0)),""))) | AH46: =IF(R46="","",IFERROR(VALUE(LEFT(R46,FIND(" ",R46&" ")-1)),IFERROR(INDEX($A$4:$A$153,MATCH(R46,$C$4:$C$153,0)),""))) | AI46: =IF(S46="","",IFERROR(VALUE(LEFT(S46,FIND(" ",S46&" ")-1)),IFERROR(INDEX($A$4:$A$153,MATCH(S46,$C$4:$C$153,0)),""))) | AJ46: =IF(OR(A46="",B46=""),"",IF(COUNTIFS($B$4:B46,B46,$A$4:A46,"<>")=1,MAX($AJ$3:AJ45)+1,"")) | AK46: =IF(OR(A46="",NOT(ISNUMBER(L46))),"",L46^2) -> 75.69 | AL46: =IF(OR(A46="",NOT(ISNUMBER(L46))),0,(L46-INDEX('計算'!$AE$7:$AG$7,X46))/INDEX('計算'!$AE$8:$AG$8,X46)) -> -0.26972999
A47: 2209 | B47: 2 | C47: 遠藤 杏 | D47: えんどう あん | E47: 女 | F47: 72 | G47: 65 | H47: 73 | I47: 69 | J47: 69 | K47: =IF(COUNT(F47:J47)=0,"",ROUND(AVERAGE(F47:J47),1)) -> 69.6 | L47: 8.7 | M47: × | T47: 部活：卓球 | U47: =IF(A47="","",INDEX('計算'!$Z$2:$Z$151,AF47)) -> 3 | V47: =IF(A47="","",IFERROR(IF(INDEX('②クラス編成'!$E$9:$E$158,MATCH(A47,'②クラス編成'!$D$9:$D$158,0))="","未",INDEX('②クラス編成'!$E$9:$E$158,MATCH(A47,'②クラス編成'!$D$9:$D$158,0))),"未")) -> 3 | W47: =IF(A47="","",A47&" "&C47) -> 2209 遠藤 杏 | X47: =IF(A47="","",IF(E47="男",1,IF(E47="女",2,3))) -> 2 | Y47: =IF(OR(M47="〇",M47="○",M47="◯"),1,0) -> 0 | Z47: =IF(OR(N47="〇",N47="○",N47="◯"),1,0) -> 0 | AA47: =IF(OR(O47="〇",O47="○",O47="◯"),1,0) -> 0 | AB47: =IF(OR(P47="〇",P47="○",P47="◯"),1,0) -> 0 | AC47: =IF(A47="","",IF(AA47=1,1,IF(Y47=1,2,IF(Z47=1,3,IF(AB47=1,4,5))))) -> 5 | AD47: =IF(A47="","",IF(K47="",'設定'!$C$37,K47)) -> 69.6 | AE47: =IF(A47="","",AC47*10000000-ROUND(ABS((AD47-'設定'!$C$37)/'設定'!$C$38)*10000,0)) -> 49994689 | AF47: =IF(A47="","",COUNTIF($AE$4:$AE$153,"<"&AE47)+COUNTIFS($AE$4:$AE$153,AE47,$A$4:$A$153,"<"&A47)+1) -> 81 | AG47: =IF(Q47="","",IFERROR(VALUE(LEFT(Q47,FIND(" ",Q47&" ")-1)),IFERROR(INDEX($A$4:$A$153,MATCH(Q47,$C$4:$C$153,0)),""))) | AH47: =IF(R47="","",IFERROR(VALUE(LEFT(R47,FIND(" ",R47&" ")-1)),IFERROR(INDEX($A$4:$A$153,MATCH(R47,$C$4:$C$153,0)),""))) | AI47: =IF(S47="","",IFERROR(VALUE(LEFT(S47,FIND(" ",S47&" ")-1)),IFERROR(INDEX($A$4:$A$153,MATCH(S47,$C$4:$C$153,0)),""))) | AJ47: =IF(OR(A47="",B47=""),"",IF(COUNTIFS($B$4:B47,B47,$A$4:A47,"<>")=1,MAX($AJ$3:AJ46)+1,"")) | AK47: =IF(OR(A47="",NOT(ISNUMBER(L47))),"",L47^2) -> 75.69 | AL47: =IF(OR(A47="",NOT(ISNUMBER(L47))),0,(L47-INDEX('計算'!$AE$7:$AG$7,X47))/INDEX('計算'!$AE$8:$AG$8,X47)) -> -0.26972999
A48: 2210 | B48: 2 | C48: 岡田 樹 | D48: おかだ いつき | E48: 男 | F48: 46 | G48: 61 | H48: 42 | I48: 68 | J48: 48 | K48: =IF(COUNT(F48:J48)=0,"",ROUND(AVERAGE(F48:J48),1)) -> 53 | L48: 6.8 | M48: × | N48: 〇 | U48: =IF(A48="","",INDEX('計算'!$Z$2:$Z$151,AF48)) -> 1 | V48: =IF(A48="","",IFERROR(IF(INDEX('②クラス編成'!$E$9:$E$158,MATCH(A48,'②クラス編成'!$D$9:$D$158,0))="","未",INDEX('②クラス編成'!$E$9:$E$158,MATCH(A48,'②クラス編成'!$D$9:$D$158,0))),"未")) -> 1 | W48: =IF(A48="","",A48&" "&C48) -> 2210 岡田 樹 | X48: =IF(A48="","",IF(E48="男",1,IF(E48="女",2,3))) -> 1 | Y48: =IF(OR(M48="〇",M48="○",M48="◯"),1,0) -> 0 | Z48: =IF(OR(N48="〇",N48="○",N48="◯"),1,0) -> 1 | AA48: =IF(OR(O48="〇",O48="○",O48="◯"),1,0) -> 0 | AB48: =IF(OR(P48="〇",P48="○",P48="◯"),1,0) -> 0 | AC48: =IF(A48="","",IF(AA48=1,1,IF(Y48=1,2,IF(Z48=1,3,IF(AB48=1,4,5))))) -> 3 | AD48: =IF(A48="","",IF(K48="",'設定'!$C$37,K48)) -> 53 | AE48: =IF(A48="","",AC48*10000000-ROUND(ABS((AD48-'設定'!$C$37)/'設定'!$C$38)*10000,0)) -> 29992915 | AF48: =IF(A48="","",COUNTIF($AE$4:$AE$153,"<"&AE48)+COUNTIFS($AE$4:$AE$153,AE48,$A$4:$A$153,"<"&A48)+1) -> 22 | AG48: =IF(Q48="","",IFERROR(VALUE(LEFT(Q48,FIND(" ",Q48&" ")-1)),IFERROR(INDEX($A$4:$A$153,MATCH(Q48,$C$4:$C$153,0)),""))) | AH48: =IF(R48="","",IFERROR(VALUE(LEFT(R48,FIND(" ",R48&" ")-1)),IFERROR(INDEX($A$4:$A$153,MATCH(R48,$C$4:$C$153,0)),""))) | AI48: =IF(S48="","",IFERROR(VALUE(LEFT(S48,FIND(" ",S48&" ")-1)),IFERROR(INDEX($A$4:$A$153,MATCH(S48,$C$4:$C$153,0)),""))) | AJ48: =IF(OR(A48="",B48=""),"",IF(COUNTIFS($B$4:B48,B48,$A$4:A48,"<>")=1,MAX($AJ$3:AJ47)+1,"")) | AK48: =IF(OR(A48="",NOT(ISNUMBER(L48))),"",L48^2) -> 46.24 | AL48: =IF(OR(A48="",NOT(ISNUMBER(L48))),0,(L48-INDEX('計算'!$AE$7:$AG$7,X48))/INDEX('計算'!$AE$8:$AG$8,X48)) -> -2.0272273
A49: 2211 | B49: 2 | C49: 小川 陽葵 | D49: おがわ ひまり | E49: 女 | F49: 54 | G49: 42 | H49: 52 | I49: 37 | J49: 51 | K49: =IF(COUNT(F49:J49)=0,"",ROUND(AVERAGE(F49:J49),1)) -> 47.2 | L49: 8.8 | M49: 〇 | U49: =IF(A49="","",INDEX('計算'!$Z$2:$Z$151,AF49)) -> 2 | V49: =IF(A49="","",IFERROR(IF(INDEX('②クラス編成'!$E$9:$E$158,MATCH(A49,'②クラス編成'!$D$9:$D$158,0))="","未",INDEX('②クラス編成'!$E$9:$E$158,MATCH(A49,'②クラス編成'!$D$9:$D$158,0))),"未")) -> 2 | W49: =IF(A49="","",A49&" "&C49) -> 2211 小川 陽葵 | X49: =IF(A49="","",IF(E49="男",1,IF(E49="女",2,3))) -> 2 | Y49: =IF(OR(M49="〇",M49="○",M49="◯"),1,0) -> 1 | Z49: =IF(OR(N49="〇",N49="○",N49="◯"),1,0) -> 0 | AA49: =IF(OR(O49="〇",O49="○",O49="◯"),1,0) -> 0 | AB49: =IF(OR(P49="〇",P49="○",P49="◯"),1,0) -> 0 | AC49: =IF(A49="","",IF(AA49=1,1,IF(Y49=1,2,IF(Z49=1,3,IF(AB49=1,4,5))))) -> 2 | AD49: =IF(A49="","",IF(K49="",'設定'!$C$37,K49)) -> 47.2 | AE49: =IF(A49="","",AC49*10000000-ROUND(ABS((AD49-'設定'!$C$37)/'設定'!$C$38)*10000,0)) -> 19988584 | AF49: =IF(A49="","",COUNTIF($AE$4:$AE$153,"<"&AE49)+COUNTIFS($AE$4:$AE$153,AE49,$A$4:$A$153,"<"&A49)+1) -> 11 | AG49: =IF(Q49="","",IFERROR(VALUE(LEFT(Q49,FIND(" ",Q49&" ")-1)),IFERROR(INDEX($A$4:$A$153,MATCH(Q49,$C$4:$C$153,0)),""))) | AH49: =IF(R49="","",IFERROR(VALUE(LEFT(R49,FIND(" ",R49&" ")-1)),IFERROR(INDEX($A$4:$A$153,MATCH(R49,$C$4:$C$153,0)),""))) | AI49: =IF(S49="","",IFERROR(VALUE(LEFT(S49,FIND(" ",S49&" ")-1)),IFERROR(INDEX($A$4:$A$153,MATCH(S49,$C$4:$C$153,0)),""))) | AJ49: =IF(OR(A49="",B49=""),"",IF(COUNTIFS($B$4:B49,B49,$A$4:A49,"<>")=1,MAX($AJ$3:AJ48)+1,"")) | AK49: =IF(OR(A49="",NOT(ISNUMBER(L49))),"",L49^2) -> 77.44 | AL49: =IF(OR(A49="",NOT(ISNUMBER(L49))),0,(L49-INDEX('計算'!$AE$7:$AG$7,X49))/INDEX('計算'!$AE$8:$AG$8,X49)) -> -0.10596535
A50: 2212 | B50: 2 | C50: 小野 一輝 | D50: おの かずき | E50: 男 | F50: 56 | G50: 73 | H50: 77 | I50: 91 | J50: 72 | K50: =IF(COUNT(F50:J50)=0,"",ROUND(AVERAGE(F50:J50),1)) -> 73.8 | L50: 7.8 | M50: × | U50: =IF(A50="","",INDEX('計算'!$Z$2:$Z$151,AF50)) -> 2 | V50: =IF(A50="","",IFERROR(IF(INDEX('②クラス編成'!$E$9:$E$158,MATCH(A50,'②クラス編成'!$D$9:$D$158,0))="","未",INDEX('②クラス編成'!$E$9:$E$158,MATCH(A50,'②クラス編成'!$D$9:$D$158,0))),"未")) -> 2 | W50: =IF(A50="","",A50&" "&C50) -> 2212 小野 一輝 | X50: =IF(A50="","",IF(E50="男",1,IF(E50="女",2,3))) -> 1 | Y50: =IF(OR(M50="〇",M50="○",M50="◯"),1,0) -> 0 | Z50: =IF(OR(N50="〇",N50="○",N50="◯"),1,0) -> 0 | AA50: =IF(OR(O50="〇",O50="○",O50="◯"),1,0) -> 0 | AB50: =IF(OR(P50="〇",P50="○",P50="◯"),1,0) -> 0 | AC50: =IF(A50="","",IF(AA50=1,1,IF(Y50=1,2,IF(Z50=1,3,IF(AB50=1,4,5))))) -> 5 | AD50: =IF(A50="","",IF(K50="",'設定'!$C$37,K50)) -> 73.8 | AE50: =IF(A50="","",AC50*10000000-ROUND(ABS((AD50-'設定'!$C$37)/'設定'!$C$38)*10000,0)) -> 49991552 | AF50: =IF(A50="","",COUNTIF($AE$4:$AE$153,"<"&AE50)+COUNTIFS($AE$4:$AE$153,AE50,$A$4:$A$153,"<"&A50)+1) -> 64 | AG50: =IF(Q50="","",IFERROR(VALUE(LEFT(Q50,FIND(" ",Q50&" ")-1)),IFERROR(INDEX($A$4:$A$153,MATCH(Q50,$C$4:$C$153,0)),""))) | AH50: =IF(R50="","",IFERROR(VALUE(LEFT(R50,FIND(" ",R50&" ")-1)),IFERROR(INDEX($A$4:$A$153,MATCH(R50,$C$4:$C$153,0)),""))) | AI50: =IF(S50="","",IFERROR(VALUE(LEFT(S50,FIND(" ",S50&" ")-1)),IFERROR(INDEX($A$4:$A$153,MATCH(S50,$C$4:$C$153,0)),""))) | AJ50: =IF(OR(A50="",B50=""),"",IF(COUNTIFS($B$4:B50,B50,$A$4:A50,"<>")=1,MAX($AJ$3:AJ49)+1,"")) | AK50: =IF(OR(A50="",NOT(ISNUMBER(L50))),"",L50^2) -> 60.84 | AL50: =IF(OR(A50="",NOT(ISNUMBER(L50))),0,(L50-INDEX('計算'!$AE$7:$AG$7,X50))/INDEX('計算'!$AE$8:$AG$8,X50)) -> 0.24866198
A51: 2213 | B51: 2 | C51: 小野 翔太 | D51: おの しょうた | E51: 男 | F51: 42 | G51: 35 | H51: 53 | I51: 45 | J51: 48 | K51: =IF(COUNT(F51:J51)=0,"",ROUND(AVERAGE(F51:J51),1)) -> 44.6 | L51: 7.5 | M51: × | U51: =IF(A51="","",INDEX('計算'!$Z$2:$Z$151,AF51)) -> 3 | V51: =IF(A51="","",IFERROR(IF(INDEX('②クラス編成'!$E$9:$E$158,MATCH(A51,'②クラス編成'!$D$9:$D$158,0))="","未",INDEX('②クラス編成'!$E$9:$E$158,MATCH(A51,'②クラス編成'!$D$9:$D$158,0))),"未")) -> 3 | W51: =IF(A51="","",A51&" "&C51) -> 2213 小野 翔太 | X51: =IF(A51="","",IF(E51="男",1,IF(E51="女",2,3))) -> 1 | Y51: =IF(OR(M51="〇",M51="○",M51="◯"),1,0) -> 0 | Z51: =IF(OR(N51="〇",N51="○",N51="◯"),1,0) -> 0 | AA51: =IF(OR(O51="〇",O51="○",O51="◯"),1,0) -> 0 | AB51: =IF(OR(P51="〇",P51="○",P51="◯"),1,0) -> 0 | AC51: =IF(A51="","",IF(AA51=1,1,IF(Y51=1,2,IF(Z51=1,3,IF(AB51=1,4,5))))) -> 5 | AD51: =IF(A51="","",IF(K51="",'設定'!$C$37,K51)) -> 44.6 | AE51: =IF(A51="","",AC51*10000000-ROUND(ABS((AD51-'設定'!$C$37)/'設定'!$C$38)*10000,0)) -> 49986642 | AF51: =IF(A51="","",COUNTIF($AE$4:$AE$153,"<"&AE51)+COUNTIFS($AE$4:$AE$153,AE51,$A$4:$A$153,"<"&A51)+1) -> 37 | AG51: =IF(Q51="","",IFERROR(VALUE(LEFT(Q51,FIND(" ",Q51&" ")-1)),IFERROR(INDEX($A$4:$A$153,MATCH(Q51,$C$4:$C$153,0)),""))) | AH51: =IF(R51="","",IFERROR(VALUE(LEFT(R51,FIND(" ",R51&" ")-1)),IFERROR(INDEX($A$4:$A$153,MATCH(R51,$C$4:$C$153,0)),""))) | AI51: =IF(S51="","",IFERROR(VALUE(LEFT(S51,FIND(" ",S51&" ")-1)),IFERROR(INDEX($A$4:$A$153,MATCH(S51,$C$4:$C$153,0)),""))) | AJ51: =IF(OR(A51="",B51=""),"",IF(COUNTIFS($B$4:B51,B51,$A$4:A51,"<>")=1,MAX($AJ$3:AJ50)+1,"")) | AK51: =IF(OR(A51="",NOT(ISNUMBER(L51))),"",L51^2) -> 56.25 | AL51: =IF(OR(A51="",NOT(ISNUMBER(L51))),0,(L51-INDEX('計算'!$AE$7:$AG$7,X51))/INDEX('計算'!$AE$8:$AG$8,X51)) -> -0.43410481
A52: 2214 | B52: 2 | C52: 金子 咲良 | D52: かねこ さくら | E52: 女 | F52: 84 | G52: 88 | H52: 73 | I52: 72 | J52: 74 | K52: =IF(COUNT(F52:J52)=0,"",ROUND(AVERAGE(F52:J52),1)) -> 78.2 | L52: 9.9 | M52: × | P52: 〇 | U52: =IF(A52="","",INDEX('計算'!$Z$2:$Z$151,AF52)) -> 1 | V52: =IF(A52="","",IFERROR(IF(INDEX('②クラス編成'!$E$9:$E$158,MATCH(A52,'②クラス編成'!$D$9:$D$158,0))="","未",INDEX('②クラス編成'!$E$9:$E$158,MATCH(A52,'②クラス編成'!$D$9:$D$158,0))),"未")) -> 1 | W52: =IF(A52="","",A52&" "&C52) -> 2214 金子 咲良 | X52: =IF(A52="","",IF(E52="男",1,IF(E52="女",2,3))) -> 2 | Y52: =IF(OR(M52="〇",M52="○",M52="◯"),1,0) -> 0 | Z52: =IF(OR(N52="〇",N52="○",N52="◯"),1,0) -> 0 | AA52: =IF(OR(O52="〇",O52="○",O52="◯"),1,0) -> 0 | AB52: =IF(OR(P52="〇",P52="○",P52="◯"),1,0) -> 1 | AC52: =IF(A52="","",IF(AA52=1,1,IF(Y52=1,2,IF(Z52=1,3,IF(AB52=1,4,5))))) -> 4 | AD52: =IF(A52="","",IF(K52="",'設定'!$C$37,K52)) -> 78.2 | AE52: =IF(A52="","",AC52*10000000-ROUND(ABS((AD52-'設定'!$C$37)/'設定'!$C$38)*10000,0)) -> 39988266 | AF52: =IF(A52="","",COUNTIF($AE$4:$AE$153,"<"&AE52)+COUNTIFS($AE$4:$AE$153,AE52,$A$4:$A$153,"<"&A52)+1) -> 26 | AG52: =IF(Q52="","",IFERROR(VALUE(LEFT(Q52,FIND(" ",Q52&" ")-1)),IFERROR(INDEX($A$4:$A$153,MATCH(Q52,$C$4:$C$153,0)),""))) | AH52: =IF(R52="","",IFERROR(VALUE(LEFT(R52,FIND(" ",R52&" ")-1)),IFERROR(INDEX($A$4:$A$153,MATCH(R52,$C$4:$C$153,0)),""))) | AI52: =IF(S52="","",IFERROR(VALUE(LEFT(S52,FIND(" ",S52&" ")-1)),IFERROR(INDEX($A$4:$A$153,MATCH(S52,$C$4:$C$153,0)),""))) | AJ52: =IF(OR(A52="",B52=""),"",IF(COUNTIFS($B$4:B52,B52,$A$4:A52,"<>")=1,MAX($AJ$3:AJ51)+1,"")) | AK52: =IF(OR(A52="",NOT(ISNUMBER(L52))),"",L52^2) -> 98.01 | AL52: =IF(OR(A52="",NOT(ISNUMBER(L52))),0,(L52-INDEX('計算'!$AE$7:$AG$7,X52))/INDEX('計算'!$AE$8:$AG$8,X52)) -> 1.6954457
A53: 2215 | B53: 2 | C53: 金子 颯太 | D53: かねこ そうた | E53: 男 | F53: 36 | G53: 37 | H53: 35 | I53: 62 | J53: 54 | K53: =IF(COUNT(F53:J53)=0,"",ROUND(AVERAGE(F53:J53),1)) -> 44.8 | L53: 8.1 | M53: × | U53: =IF(A53="","",INDEX('計算'!$Z$2:$Z$151,AF53)) -> 2 | V53: =IF(A53="","",IFERROR(IF(INDEX('②クラス編成'!$E$9:$E$158,MATCH(A53,'②クラス編成'!$D$9:$D$158,0))="","未",INDEX('②クラス編成'!$E$9:$E$158,MATCH(A53,'②クラス編成'!$D$9:$D$158,0))),"未")) -> 2 | W53: =IF(A53="","",A53&" "&C53) -> 2215 金子 颯太 | X53: =IF(A53="","",IF(E53="男",1,IF(E53="女",2,3))) -> 1 | Y53: =IF(OR(M53="〇",M53="○",M53="◯"),1,0) -> 0 | Z53: =IF(OR(N53="〇",N53="○",N53="◯"),1,0) -> 0 | AA53: =IF(OR(O53="〇",O53="○",O53="◯"),1,0) -> 0 | AB53: =IF(OR(P53="〇",P53="○",P53="◯"),1,0) -> 0 | AC53: =IF(A53="","",IF(AA53=1,1,IF(Y53=1,2,IF(Z53=1,3,IF(AB53=1,4,5))))) -> 5 | AD53: =IF(A53="","",IF(K53="",'設定'!$C$37,K53)) -> 44.8 | AE53: =IF(A53="","",AC53*10000000-ROUND(ABS((AD53-'設定'!$C$37)/'設定'!$C$38)*10000,0)) -> 49986791 | AF53: =IF(A53="","",COUNTIF($AE$4:$AE$153,"<"&AE53)+COUNTIFS($AE$4:$AE$153,AE53,$A$4:$A$153,"<"&A53)+1) -> 38 | AG53: =IF(Q53="","",IFERROR(VALUE(LEFT(Q53,FIND(" ",Q53&" ")-1)),IFERROR(INDEX($A$4:$A$153,MATCH(Q53,$C$4:$C$153,0)),""))) | AH53: =IF(R53="","",IFERROR(VALUE(LEFT(R53,FIND(" ",R53&" ")-1)),IFERROR(INDEX($A$4:$A$153,MATCH(R53,$C$4:$C$153,0)),""))) | AI53: =IF(S53="","",IFERROR(VALUE(LEFT(S53,FIND(" ",S53&" ")-1)),IFERROR(INDEX($A$4:$A$153,MATCH(S53,$C$4:$C$153,0)),""))) | AJ53: =IF(OR(A53="",B53=""),"",IF(COUNTIFS($B$4:B53,B53,$A$4:A53,"<>")=1,MAX($AJ$3:AJ52)+1,"")) | AK53: =IF(OR(A53="",NOT(ISNUMBER(L53))),"",L53^2) -> 65.61 | AL53: =IF(OR(A53="",NOT(ISNUMBER(L53))),0,(L53-INDEX('計算'!$AE$7:$AG$7,X53))/INDEX('計算'!$AE$8:$AG$8,X53)) -> 0.93142877
A54: 2216 | B54: 2 | C54: 後藤 美咲 | D54: ごとう みさき | E54: 女 | F54: 62 | G54: 60 | H54: 60 | I54: 77 | J54: 66 | K54: =IF(COUNT(F54:J54)=0,"",ROUND(AVERAGE(F54:J54),1)) -> 65 | L54: 10 | M54: × | U54: =IF(A54="","",INDEX('計算'!$Z$2:$Z$151,AF54)) -> 2 | V54: =IF(A54="","",IFERROR(IF(INDEX('②クラス編成'!$E$9:$E$158,MATCH(A54,'②クラス編成'!$D$9:$D$158,0))="","未",INDEX('②クラス編成'!$E$9:$E$158,MATCH(A54,'②クラス編成'!$D$9:$D$158,0))),"未")) -> 2 | W54: =IF(A54="","",A54&" "&C54) -> 2216 後藤 美咲 | X54: =IF(A54="","",IF(E54="男",1,IF(E54="女",2,3))) -> 2 | Y54: =IF(OR(M54="〇",M54="○",M54="◯"),1,0) -> 0 | Z54: =IF(OR(N54="〇",N54="○",N54="◯"),1,0) -> 0 | AA54: =IF(OR(O54="〇",O54="○",O54="◯"),1,0) -> 0 | AB54: =IF(OR(P54="〇",P54="○",P54="◯"),1,0) -> 0 | AC54: =IF(A54="","",IF(AA54=1,1,IF(Y54=1,2,IF(Z54=1,3,IF(AB54=1,4,5))))) -> 5 | AD54: =IF(A54="","",IF(K54="",'設定'!$C$37,K54)) -> 65 | AE54: =IF(A54="","",AC54*10000000-ROUND(ABS((AD54-'設定'!$C$37)/'設定'!$C$38)*10000,0)) -> 49998124 | AF54: =IF(A54="","",COUNTIF($AE$4:$AE$153,"<"&AE54)+COUNTIFS($AE$4:$AE$153,AE54,$A$4:$A$153,"<"&A54)+1) -> 95 | AG54: =IF(Q54="","",IFERROR(VALUE(LEFT(Q54,FIND(" ",Q54&" ")-1)),IFERROR(INDEX($A$4:$A$153,MATCH(Q54,$C$4:$C$153,0)),""))) | AH54: =IF(R54="","",IFERROR(VALUE(LEFT(R54,FIND(" ",R54&" ")-1)),IFERROR(INDEX($A$4:$A$153,MATCH(R54,$C$4:$C$153,0)),""))) | AI54: =IF(S54="","",IFERROR(VALUE(LEFT(S54,FIND(" ",S54&" ")-1)),IFERROR(INDEX($A$4:$A$153,MATCH(S54,$C$4:$C$153,0)),""))) | AJ54: =IF(OR(A54="",B54=""),"",IF(COUNTIFS($B$4:B54,B54,$A$4:A54,"<>")=1,MAX($AJ$3:AJ53)+1,"")) | AK54: =IF(OR(A54="",NOT(ISNUMBER(L54))),"",L54^2) -> 100 | AL54: =IF(OR(A54="",NOT(ISNUMBER(L54))),0,(L54-INDEX('計算'!$AE$7:$AG$7,X54))/INDEX('計算'!$AE$8:$AG$8,X54)) -> 1.8592103
A55: 2217 | B55: 2 | C55: 佐藤 大和 | D55: さとう やまと | E55: 男 | F55: 63 | G55: 40 | H55: 51 | I55: 41 | J55: 54 | K55: =IF(COUNT(F55:J55)=0,"",ROUND(AVERAGE(F55:J55),1)) -> 49.8 | L55: 7.6 | M55: × | U55: =IF(A55="","",INDEX('計算'!$Z$2:$Z$151,AF55)) -> 2 | V55: =IF(A55="","",IFERROR(IF(INDEX('②クラス編成'!$E$9:$E$158,MATCH(A55,'②クラス編成'!$D$9:$D$158,0))="","未",INDEX('②クラス編成'!$E$9:$E$158,MATCH(A55,'②クラス編成'!$D$9:$D$158,0))),"未")) -> 2 | W55: =IF(A55="","",A55&" "&C55) -> 2217 佐藤 大和 | X55: =IF(A55="","",IF(E55="男",1,IF(E55="女",2,3))) -> 1 | Y55: =IF(OR(M55="〇",M55="○",M55="◯"),1,0) -> 0 | Z55: =IF(OR(N55="〇",N55="○",N55="◯"),1,0) -> 0 | AA55: =IF(OR(O55="〇",O55="○",O55="◯"),1,0) -> 0 | AB55: =IF(OR(P55="〇",P55="○",P55="◯"),1,0) -> 0 | AC55: =IF(A55="","",IF(AA55=1,1,IF(Y55=1,2,IF(Z55=1,3,IF(AB55=1,4,5))))) -> 5 | AD55: =IF(A55="","",IF(K55="",'設定'!$C$37,K55)) -> 49.8 | AE55: =IF(A55="","",AC55*10000000-ROUND(ABS((AD55-'設定'!$C$37)/'設定'!$C$38)*10000,0)) -> 49990525 | AF55: =IF(A55="","",COUNTIF($AE$4:$AE$153,"<"&AE55)+COUNTIFS($AE$4:$AE$153,AE55,$A$4:$A$153,"<"&A55)+1) -> 60 | AG55: =IF(Q55="","",IFERROR(VALUE(LEFT(Q55,FIND(" ",Q55&" ")-1)),IFERROR(INDEX($A$4:$A$153,MATCH(Q55,$C$4:$C$153,0)),""))) | AH55: =IF(R55="","",IFERROR(VALUE(LEFT(R55,FIND(" ",R55&" ")-1)),IFERROR(INDEX($A$4:$A$153,MATCH(R55,$C$4:$C$153,0)),""))) | AI55: =IF(S55="","",IFERROR(VALUE(LEFT(S55,FIND(" ",S55&" ")-1)),IFERROR(INDEX($A$4:$A$153,MATCH(S55,$C$4:$C$153,0)),""))) | AJ55: =IF(OR(A55="",B55=""),"",IF(COUNTIFS($B$4:B55,B55,$A$4:A55,"<>")=1,MAX($AJ$3:AJ54)+1,"")) | AK55: =IF(OR(A55="",NOT(ISNUMBER(L55))),"",L55^2) -> 57.76 | AL55: =IF(OR(A55="",NOT(ISNUMBER(L55))),0,(L55-INDEX('計算'!$AE$7:$AG$7,X55))/INDEX('計算'!$AE$8:$AG$8,X55)) -> -0.20651588
A56: 2218 | B56: 2 | C56: 柴田 大和 | D56: しばた やまと | E56: 男 | F56: 56 | G56: 100 | H56: 69 | I56: 79 | J56: 83 | K56: =IF(COUNT(F56:J56)=0,"",ROUND(AVERAGE(F56:J56),1)) -> 77.4 | L56: 7.9 | M56: × | T56: 部活：陸上 | U56: =IF(A56="","",INDEX('計算'!$Z$2:$Z$151,AF56)) -> 1 | V56: =IF(A56="","",IFERROR(IF(INDEX('②クラス編成'!$E$9:$E$158,MATCH(A56,'②クラス編成'!$D$9:$D$158,0))="","未",INDEX('②クラス編成'!$E$9:$E$158,MATCH(A56,'②クラス編成'!$D$9:$D$158,0))),"未")) -> 1 | W56: =IF(A56="","",A56&" "&C56) -> 2218 柴田 大和 | X56: =IF(A56="","",IF(E56="男",1,IF(E56="女",2,3))) -> 1 | Y56: =IF(OR(M56="〇",M56="○",M56="◯"),1,0) -> 0 | Z56: =IF(OR(N56="〇",N56="○",N56="◯"),1,0) -> 0 | AA56: =IF(OR(O56="〇",O56="○",O56="◯"),1,0) -> 0 | AB56: =IF(OR(P56="〇",P56="○",P56="◯"),1,0) -> 0 | AC56: =IF(A56="","",IF(AA56=1,1,IF(Y56=1,2,IF(Z56=1,3,IF(AB56=1,4,5))))) -> 5 | AD56: =IF(A56="","",IF(K56="",'設定'!$C$37,K56)) -> 77.4 | AE56: =IF(A56="","",AC56*10000000-ROUND(ABS((AD56-'設定'!$C$37)/'設定'!$C$38)*10000,0)) -> 49988864 | AF56: =IF(A56="","",COUNTIF($AE$4:$AE$153,"<"&AE56)+COUNTIFS($AE$4:$AE$153,AE56,$A$4:$A$153,"<"&A56)+1) -> 48 | AG56: =IF(Q56="","",IFERROR(VALUE(LEFT(Q56,FIND(" ",Q56&" ")-1)),IFERROR(INDEX($A$4:$A$153,MATCH(Q56,$C$4:$C$153,0)),""))) | AH56: =IF(R56="","",IFERROR(VALUE(LEFT(R56,FIND(" ",R56&" ")-1)),IFERROR(INDEX($A$4:$A$153,MATCH(R56,$C$4:$C$153,0)),""))) | AI56: =IF(S56="","",IFERROR(VALUE(LEFT(S56,FIND(" ",S56&" ")-1)),IFERROR(INDEX($A$4:$A$153,MATCH(S56,$C$4:$C$153,0)),""))) | AJ56: =IF(OR(A56="",B56=""),"",IF(COUNTIFS($B$4:B56,B56,$A$4:A56,"<>")=1,MAX($AJ$3:AJ55)+1,"")) | AK56: =IF(OR(A56="",NOT(ISNUMBER(L56))),"",L56^2) -> 62.41 | AL56: =IF(OR(A56="",NOT(ISNUMBER(L56))),0,(L56-INDEX('計算'!$AE$7:$AG$7,X56))/INDEX('計算'!$AE$8:$AG$8,X56)) -> 0.47625091
A57: 2219 | B57: 2 | C57: 鈴木 葵 | D57: すずき あおい | E57: 女 | F57: 59 | G57: 66 | H57: 51 | I57: 44 | J57: 39 | K57: =IF(COUNT(F57:J57)=0,"",ROUND(AVERAGE(F57:J57),1)) -> 51.8 | L57: 8.1 | M57: × | U57: =IF(A57="","",INDEX('計算'!$Z$2:$Z$151,AF57)) -> 1 | V57: =IF(A57="","",IFERROR(IF(INDEX('②クラス編成'!$E$9:$E$158,MATCH(A57,'②クラス編成'!$D$9:$D$158,0))="","未",INDEX('②クラス編成'!$E$9:$E$158,MATCH(A57,'②クラス編成'!$D$9:$D$158,0))),"未")) -> 1 | W57: =IF(A57="","",A57&" "&C57) -> 2219 鈴木 葵 | X57: =IF(A57="","",IF(E57="男",1,IF(E57="女",2,3))) -> 2 | Y57: =IF(OR(M57="〇",M57="○",M57="◯"),1,0) -> 0 | Z57: =IF(OR(N57="〇",N57="○",N57="◯"),1,0) -> 0 | AA57: =IF(OR(O57="〇",O57="○",O57="◯"),1,0) -> 0 | AB57: =IF(OR(P57="〇",P57="○",P57="◯"),1,0) -> 0 | AC57: =IF(A57="","",IF(AA57=1,1,IF(Y57=1,2,IF(Z57=1,3,IF(AB57=1,4,5))))) -> 5 | AD57: =IF(A57="","",IF(K57="",'設定'!$C$37,K57)) -> 51.8 | AE57: =IF(A57="","",AC57*10000000-ROUND(ABS((AD57-'設定'!$C$37)/'設定'!$C$38)*10000,0)) -> 49992019 | AF57: =IF(A57="","",COUNTIF($AE$4:$AE$153,"<"&AE57)+COUNTIFS($AE$4:$AE$153,AE57,$A$4:$A$153,"<"&A57)+1) -> 68 | AG57: =IF(Q57="","",IFERROR(VALUE(LEFT(Q57,FIND(" ",Q57&" ")-1)),IFERROR(INDEX($A$4:$A$153,MATCH(Q57,$C$4:$C$153,0)),""))) | AH57: =IF(R57="","",IFERROR(VALUE(LEFT(R57,FIND(" ",R57&" ")-1)),IFERROR(INDEX($A$4:$A$153,MATCH(R57,$C$4:$C$153,0)),""))) | AI57: =IF(S57="","",IFERROR(VALUE(LEFT(S57,FIND(" ",S57&" ")-1)),IFERROR(INDEX($A$4:$A$153,MATCH(S57,$C$4:$C$153,0)),""))) | AJ57: =IF(OR(A57="",B57=""),"",IF(COUNTIFS($B$4:B57,B57,$A$4:A57,"<>")=1,MAX($AJ$3:AJ56)+1,"")) | AK57: =IF(OR(A57="",NOT(ISNUMBER(L57))),"",L57^2) -> 65.61 | AL57: =IF(OR(A57="",NOT(ISNUMBER(L57))),0,(L57-INDEX('計算'!$AE$7:$AG$7,X57))/INDEX('計算'!$AE$8:$AG$8,X57)) -> -1.2523178
A58: 2220 | B58: 2 | C58: 竹内 駿 | D58: たけうち しゅん | E58: 男 | F58: 56 | G58: 59 | H58: 28 | I58: 67 | J58: 62 | K58: =IF(COUNT(F58:J58)=0,"",ROUND(AVERAGE(F58:J58),1)) -> 54.4 | L58: 8 | M58: × | U58: =IF(A58="","",INDEX('計算'!$Z$2:$Z$151,AF58)) -> 1 | V58: =IF(A58="","",IFERROR(IF(INDEX('②クラス編成'!$E$9:$E$158,MATCH(A58,'②クラス編成'!$D$9:$D$158,0))="","未",INDEX('②クラス編成'!$E$9:$E$158,MATCH(A58,'②クラス編成'!$D$9:$D$158,0))),"未")) -> 1 | W58: =IF(A58="","",A58&" "&C58) -> 2220 竹内 駿 | X58: =IF(A58="","",IF(E58="男",1,IF(E58="女",2,3))) -> 1 | Y58: =IF(OR(M58="〇",M58="○",M58="◯"),1,0) -> 0 | Z58: =IF(OR(N58="〇",N58="○",N58="◯"),1,0) -> 0 | AA58: =IF(OR(O58="〇",O58="○",O58="◯"),1,0) -> 0 | AB58: =IF(OR(P58="〇",P58="○",P58="◯"),1,0) -> 0 | AC58: =IF(A58="","",IF(AA58=1,1,IF(Y58=1,2,IF(Z58=1,3,IF(AB58=1,4,5))))) -> 5 | AD58: =IF(A58="","",IF(K58="",'設定'!$C$37,K58)) -> 54.4 | AE58: =IF(A58="","",AC58*10000000-ROUND(ABS((AD58-'設定'!$C$37)/'設定'!$C$38)*10000,0)) -> 49993960 | AF58: =IF(A58="","",COUNTIF($AE$4:$AE$153,"<"&AE58)+COUNTIFS($AE$4:$AE$153,AE58,$A$4:$A$153,"<"&A58)+1) -> 76 | AG58: =IF(Q58="","",IFERROR(VALUE(LEFT(Q58,FIND(" ",Q58&" ")-1)),IFERROR(INDEX($A$4:$A$153,MATCH(Q58,$C$4:$C$153,0)),""))) | AH58: =IF(R58="","",IFERROR(VALUE(LEFT(R58,FIND(" ",R58&" ")-1)),IFERROR(INDEX($A$4:$A$153,MATCH(R58,$C$4:$C$153,0)),""))) | AI58: =IF(S58="","",IFERROR(VALUE(LEFT(S58,FIND(" ",S58&" ")-1)),IFERROR(INDEX($A$4:$A$153,MATCH(S58,$C$4:$C$153,0)),""))) | AJ58: =IF(OR(A58="",B58=""),"",IF(COUNTIFS($B$4:B58,B58,$A$4:A58,"<>")=1,MAX($AJ$3:AJ57)+1,"")) | AK58: =IF(OR(A58="",NOT(ISNUMBER(L58))),"",L58^2) -> 64 | AL58: =IF(OR(A58="",NOT(ISNUMBER(L58))),0,(L58-INDEX('計算'!$AE$7:$AG$7,X58))/INDEX('計算'!$AE$8:$AG$8,X58)) -> 0.70383984
A59: 2221 | B59: 2 | C59: 竹内 律 | D59: たけうち りつ | E59: 男 | F59: 69 | G59: 60 | H59: 61 | I59: 74 | J59: 63 | K59: =IF(COUNT(F59:J59)=0,"",ROUND(AVERAGE(F59:J59),1)) -> 65.4 | L59: 8.2 | M59: × | O59: 〇 | U59: =IF(A59="","",INDEX('計算'!$Z$2:$Z$151,AF59)) -> 3 | V59: =IF(A59="","",IFERROR(IF(INDEX('②クラス編成'!$E$9:$E$158,MATCH(A59,'②クラス編成'!$D$9:$D$158,0))="","未",INDEX('②クラス編成'!$E$9:$E$158,MATCH(A59,'②クラス編成'!$D$9:$D$158,0))),"未")) -> 3 | W59: =IF(A59="","",A59&" "&C59) -> 2221 竹内 律 | X59: =IF(A59="","",IF(E59="男",1,IF(E59="女",2,3))) -> 1 | Y59: =IF(OR(M59="〇",M59="○",M59="◯"),1,0) -> 0 | Z59: =IF(OR(N59="〇",N59="○",N59="◯"),1,0) -> 0 | AA59: =IF(OR(O59="〇",O59="○",O59="◯"),1,0) -> 1 | AB59: =IF(OR(P59="〇",P59="○",P59="◯"),1,0) -> 0 | AC59: =IF(A59="","",IF(AA59=1,1,IF(Y59=1,2,IF(Z59=1,3,IF(AB59=1,4,5))))) -> 1 | AD59: =IF(A59="","",IF(K59="",'設定'!$C$37,K59)) -> 65.4 | AE59: =IF(A59="","",AC59*10000000-ROUND(ABS((AD59-'設定'!$C$37)/'設定'!$C$38)*10000,0)) -> 9997825 | AF59: =IF(A59="","",COUNTIF($AE$4:$AE$153,"<"&AE59)+COUNTIFS($AE$4:$AE$153,AE59,$A$4:$A$153,"<"&A59)+1) -> 6 | AG59: =IF(Q59="","",IFERROR(VALUE(LEFT(Q59,FIND(" ",Q59&" ")-1)),IFERROR(INDEX($A$4:$A$153,MATCH(Q59,$C$4:$C$153,0)),""))) | AH59: =IF(R59="","",IFERROR(VALUE(LEFT(R59,FIND(" ",R59&" ")-1)),IFERROR(INDEX($A$4:$A$153,MATCH(R59,$C$4:$C$153,0)),""))) | AI59: =IF(S59="","",IFERROR(VALUE(LEFT(S59,FIND(" ",S59&" ")-1)),IFERROR(INDEX($A$4:$A$153,MATCH(S59,$C$4:$C$153,0)),""))) | AJ59: =IF(OR(A59="",B59=""),"",IF(COUNTIFS($B$4:B59,B59,$A$4:A59,"<>")=1,MAX($AJ$3:AJ58)+1,"")) | AK59: =IF(OR(A59="",NOT(ISNUMBER(L59))),"",L59^2) -> 67.24 | AL59: =IF(OR(A59="",NOT(ISNUMBER(L59))),0,(L59-INDEX('計算'!$AE$7:$AG$7,X59))/INDEX('計算'!$AE$8:$AG$8,X59)) -> 1.1590177
A60: 2222 | B60: 2 | C60: 中山 颯太 | D60: なかやま そうた | E60: 男 | F60: 58 | G60: 75 | H60: 65 | I60: 45 | J60: 75 | K60: =IF(COUNT(F60:J60)=0,"",ROUND(AVERAGE(F60:J60),1)) -> 63.6 | L60: 8.1 | M60: × | P60: 〇 | U60: =IF(A60="","",INDEX('計算'!$Z$2:$Z$151,AF60)) -> 2 | V60: =IF(A60="","",IFERROR(IF(INDEX('②クラス編成'!$E$9:$E$158,MATCH(A60,'②クラス編成'!$D$9:$D$158,0))="","未",INDEX('②クラス編成'!$E$9:$E$158,MATCH(A60,'②クラス編成'!$D$9:$D$158,0))),"未")) -> 2 | W60: =IF(A60="","",A60&" "&C60) -> 2222 中山 颯太 | X60: =IF(A60="","",IF(E60="男",1,IF(E60="女",2,3))) -> 1 | Y60: =IF(OR(M60="〇",M60="○",M60="◯"),1,0) -> 0 | Z60: =IF(OR(N60="〇",N60="○",N60="◯"),1,0) -> 0 | AA60: =IF(OR(O60="〇",O60="○",O60="◯"),1,0) -> 0 | AB60: =IF(OR(P60="〇",P60="○",P60="◯"),1,0) -> 1 | AC60: =IF(A60="","",IF(AA60=1,1,IF(Y60=1,2,IF(Z60=1,3,IF(AB60=1,4,5))))) -> 4 | AD60: =IF(A60="","",IF(K60="",'設定'!$C$37,K60)) -> 63.6 | AE60: =IF(A60="","",AC60*10000000-ROUND(ABS((AD60-'設定'!$C$37)/'設定'!$C$38)*10000,0)) -> 39999169 | AF60: =IF(A60="","",COUNTIF($AE$4:$AE$153,"<"&AE60)+COUNTIFS($AE$4:$AE$153,AE60,$A$4:$A$153,"<"&A60)+1) -> 28 | AG60: =IF(Q60="","",IFERROR(VALUE(LEFT(Q60,FIND(" ",Q60&" ")-1)),IFERROR(INDEX($A$4:$A$153,MATCH(Q60,$C$4:$C$153,0)),""))) | AH60: =IF(R60="","",IFERROR(VALUE(LEFT(R60,FIND(" ",R60&" ")-1)),IFERROR(INDEX($A$4:$A$153,MATCH(R60,$C$4:$C$153,0)),""))) | AI60: =IF(S60="","",IFERROR(VALUE(LEFT(S60,FIND(" ",S60&" ")-1)),IFERROR(INDEX($A$4:$A$153,MATCH(S60,$C$4:$C$153,0)),""))) | AJ60: =IF(OR(A60="",B60=""),"",IF(COUNTIFS($B$4:B60,B60,$A$4:A60,"<>")=1,MAX($AJ$3:AJ59)+1,"")) | AK60: =IF(OR(A60="",NOT(ISNUMBER(L60))),"",L60^2) -> 65.61 | AL60: =IF(OR(A60="",NOT(ISNUMBER(L60))),0,(L60-INDEX('計算'!$AE$7:$AG$7,X60))/INDEX('計算'!$AE$8:$AG$8,X60)) -> 0.93142877
A61: 2223 | B61: 2 | C61: 橋本 琴音 | D61: はしもと ことね | E61: 女 | F61: 65 | G61: 88 | H61: 74 | I61: 58 | J61: 63 | K61: =IF(COUNT(F61:J61)=0,"",ROUND(AVERAGE(F61:J61),1)) -> 69.6 | L61: 9.1 | M61: × | N61: 〇 | U61: =IF(A61="","",INDEX('計算'!$Z$2:$Z$151,AF61)) -> 3 | V61: =IF(A61="","",IFERROR(IF(INDEX('②クラス編成'!$E$9:$E$158,MATCH(A61,'②クラス編成'!$D$9:$D$158,0))="","未",INDEX('②クラス編成'!$E$9:$E$158,MATCH(A61,'②クラス編成'!$D$9:$D$158,0))),"未")) -> 3 | W61: =IF(A61="","",A61&" "&C61) -> 2223 橋本 琴音 | X61: =IF(A61="","",IF(E61="男",1,IF(E61="女",2,3))) -> 2 | Y61: =IF(OR(M61="〇",M61="○",M61="◯"),1,0) -> 0 | Z61: =IF(OR(N61="〇",N61="○",N61="◯"),1,0) -> 1 | AA61: =IF(OR(O61="〇",O61="○",O61="◯"),1,0) -> 0 | AB61: =IF(OR(P61="〇",P61="○",P61="◯"),1,0) -> 0 | AC61: =IF(A61="","",IF(AA61=1,1,IF(Y61=1,2,IF(Z61=1,3,IF(AB61=1,4,5))))) -> 3 | AD61: =IF(A61="","",IF(K61="",'設定'!$C$37,K61)) -> 69.6 | AE61: =IF(A61="","",AC61*10000000-ROUND(ABS((AD61-'設定'!$C$37)/'設定'!$C$38)*10000,0)) -> 29994689 | AF61: =IF(A61="","",COUNTIF($AE$4:$AE$153,"<"&AE61)+COUNTIFS($AE$4:$AE$153,AE61,$A$4:$A$153,"<"&A61)+1) -> 23 | AG61: =IF(Q61="","",IFERROR(VALUE(LEFT(Q61,FIND(" ",Q61&" ")-1)),IFERROR(INDEX($A$4:$A$153,MATCH(Q61,$C$4:$C$153,0)),""))) | AH61: =IF(R61="","",IFERROR(VALUE(LEFT(R61,FIND(" ",R61&" ")-1)),IFERROR(INDEX($A$4:$A$153,MATCH(R61,$C$4:$C$153,0)),""))) | AI61: =IF(S61="","",IFERROR(VALUE(LEFT(S61,FIND(" ",S61&" ")-1)),IFERROR(INDEX($A$4:$A$153,MATCH(S61,$C$4:$C$153,0)),""))) | AJ61: =IF(OR(A61="",B61=""),"",IF(COUNTIFS($B$4:B61,B61,$A$4:A61,"<>")=1,MAX($AJ$3:AJ60)+1,"")) | AK61: =IF(OR(A61="",NOT(ISNUMBER(L61))),"",L61^2) -> 82.81 | AL61: =IF(OR(A61="",NOT(ISNUMBER(L61))),0,(L61-INDEX('計算'!$AE$7:$AG$7,X61))/INDEX('計算'!$AE$8:$AG$8,X61)) -> 0.38532856
A62: 2224 | B62: 2 | C62: 福田 美咲 | D62: ふくだ みさき | E62: 女 | F62: 30 | G62: 54 | H62: 40 | I62: 28 | J62: 42 | K62: =IF(COUNT(F62:J62)=0,"",ROUND(AVERAGE(F62:J62),1)) -> 38.8 | L62: 8.8 | M62: × | Q62: 2216 後藤 美咲 | U62: =IF(A62="","",INDEX('計算'!$Z$2:$Z$151,AF62)) -> 3 | V62: =IF(A62="","",IFERROR(IF(INDEX('②クラス編成'!$E$9:$E$158,MATCH(A62,'②クラス編成'!$D$9:$D$158,0))="","未",INDEX('②クラス編成'!$E$9:$E$158,MATCH(A62,'②クラス編成'!$D$9:$D$158,0))),"未")) -> 3 | W62: =IF(A62="","",A62&" "&C62) -> 2224 福田 美咲 | X62: =IF(A62="","",IF(E62="男",1,IF(E62="女",2,3))) -> 2 | Y62: =IF(OR(M62="〇",M62="○",M62="◯"),1,0) -> 0 | Z62: =IF(OR(N62="〇",N62="○",N62="◯"),1,0) -> 0 | AA62: =IF(OR(O62="〇",O62="○",O62="◯"),1,0) -> 0 | AB62: =IF(OR(P62="〇",P62="○",P62="◯"),1,0) -> 0 | AC62: =IF(A62="","",IF(AA62=1,1,IF(Y62=1,2,IF(Z62=1,3,IF(AB62=1,4,5))))) -> 5 | AD62: =IF(A62="","",IF(K62="",'設定'!$C$37,K62)) -> 38.8 | AE62: =IF(A62="","",AC62*10000000-ROUND(ABS((AD62-'設定'!$C$37)/'設定'!$C$38)*10000,0)) -> 49982311 | AF62: =IF(A62="","",COUNTIF($AE$4:$AE$153,"<"&AE62)+COUNTIFS($AE$4:$AE$153,AE62,$A$4:$A$153,"<"&A62)+1) -> 31 | AG62: =IF(Q62="","",IFERROR(VALUE(LEFT(Q62,FIND(" ",Q62&" ")-1)),IFERROR(INDEX($A$4:$A$153,MATCH(Q62,$C$4:$C$153,0)),""))) -> 2216 | AH62: =IF(R62="","",IFERROR(VALUE(LEFT(R62,FIND(" ",R62&" ")-1)),IFERROR(INDEX($A$4:$A$153,MATCH(R62,$C$4:$C$153,0)),""))) | AI62: =IF(S62="","",IFERROR(VALUE(LEFT(S62,FIND(" ",S62&" ")-1)),IFERROR(INDEX($A$4:$A$153,MATCH(S62,$C$4:$C$153,0)),""))) | AJ62: =IF(OR(A62="",B62=""),"",IF(COUNTIFS($B$4:B62,B62,$A$4:A62,"<>")=1,MAX($AJ$3:AJ61)+1,"")) | AK62: =IF(OR(A62="",NOT(ISNUMBER(L62))),"",L62^2) -> 77.44 | AL62: =IF(OR(A62="",NOT(ISNUMBER(L62))),0,(L62-INDEX('計算'!$AE$7:$AG$7,X62))/INDEX('計算'!$AE$8:$AG$8,X62)) -> -0.10596535
A63: 2225 | B63: 2 | C63: 藤井 大和 | D63: ふじい やまと | E63: 男 | F63: 78 | G63: 79 | H63: 84 | I63: 70 | J63: 79 | K63: =IF(COUNT(F63:J63)=0,"",ROUND(AVERAGE(F63:J63),1)) -> 78 | L63: 7.2 | M63: × | U63: =IF(A63="","",INDEX('計算'!$Z$2:$Z$151,AF63)) -> 3 | V63: =IF(A63="","",IFERROR(IF(INDEX('②クラス編成'!$E$9:$E$158,MATCH(A63,'②クラス編成'!$D$9:$D$158,0))="","未",INDEX('②クラス編成'!$E$9:$E$158,MATCH(A63,'②クラス編成'!$D$9:$D$158,0))),"未")) -> 3 | W63: =IF(A63="","",A63&" "&C63) -> 2225 藤井 大和 | X63: =IF(A63="","",IF(E63="男",1,IF(E63="女",2,3))) -> 1 | Y63: =IF(OR(M63="〇",M63="○",M63="◯"),1,0) -> 0 | Z63: =IF(OR(N63="〇",N63="○",N63="◯"),1,0) -> 0 | AA63: =IF(OR(O63="〇",O63="○",O63="◯"),1,0) -> 0 | AB63: =IF(OR(P63="〇",P63="○",P63="◯"),1,0) -> 0 | AC63: =IF(A63="","",IF(AA63=1,1,IF(Y63=1,2,IF(Z63=1,3,IF(AB63=1,4,5))))) -> 5 | AD63: =IF(A63="","",IF(K63="",'設定'!$C$37,K63)) -> 78 | AE63: =IF(A63="","",AC63*10000000-ROUND(ABS((AD63-'設定'!$C$37)/'設定'!$C$38)*10000,0)) -> 49988416 | AF63: =IF(A63="","",COUNTIF($AE$4:$AE$153,"<"&AE63)+COUNTIFS($AE$4:$AE$153,AE63,$A$4:$A$153,"<"&A63)+1) -> 46 | AG63: =IF(Q63="","",IFERROR(VALUE(LEFT(Q63,FIND(" ",Q63&" ")-1)),IFERROR(INDEX($A$4:$A$153,MATCH(Q63,$C$4:$C$153,0)),""))) | AH63: =IF(R63="","",IFERROR(VALUE(LEFT(R63,FIND(" ",R63&" ")-1)),IFERROR(INDEX($A$4:$A$153,MATCH(R63,$C$4:$C$153,0)),""))) | AI63: =IF(S63="","",IFERROR(VALUE(LEFT(S63,FIND(" ",S63&" ")-1)),IFERROR(INDEX($A$4:$A$153,MATCH(S63,$C$4:$C$153,0)),""))) | AJ63: =IF(OR(A63="",B63=""),"",IF(COUNTIFS($B$4:B63,B63,$A$4:A63,"<>")=1,MAX($AJ$3:AJ62)+1,"")) | AK63: =IF(OR(A63="",NOT(ISNUMBER(L63))),"",L63^2) -> 51.84 | AL63: =IF(OR(A63="",NOT(ISNUMBER(L63))),0,(L63-INDEX('計算'!$AE$7:$AG$7,X63))/INDEX('計算'!$AE$8:$AG$8,X63)) -> -1.1168716
A64: 2226 | B64: 2 | C64: 藤田 彩花 | D64: ふじた あやか | E64: 女 | F64: 61 | G64: 67 | H64: 48 | I64: 66 | J64: 55 | K64: =IF(COUNT(F64:J64)=0,"",ROUND(AVERAGE(F64:J64),1)) -> 59.4 | L64: 8.9 | M64: × | Q64: 2231 森田 美羽 | U64: =IF(A64="","",INDEX('計算'!$Z$2:$Z$151,AF64)) -> 1 | V64: =IF(A64="","",IFERROR(IF(INDEX('②クラス編成'!$E$9:$E$158,MATCH(A64,'②クラス編成'!$D$9:$D$158,0))="","未",INDEX('②クラス編成'!$E$9:$E$158,MATCH(A64,'②クラス編成'!$D$9:$D$158,0))),"未")) -> 1 | W64: =IF(A64="","",A64&" "&C64) -> 2226 藤田 彩花 | X64: =IF(A64="","",IF(E64="男",1,IF(E64="女",2,3))) -> 2 | Y64: =IF(OR(M64="〇",M64="○",M64="◯"),1,0) -> 0 | Z64: =IF(OR(N64="〇",N64="○",N64="◯"),1,0) -> 0 | AA64: =IF(OR(O64="〇",O64="○",O64="◯"),1,0) -> 0 | AB64: =IF(OR(P64="〇",P64="○",P64="◯"),1,0) -> 0 | AC64: =IF(A64="","",IF(AA64=1,1,IF(Y64=1,2,IF(Z64=1,3,IF(AB64=1,4,5))))) -> 5 | AD64: =IF(A64="","",IF(K64="",'設定'!$C$37,K64)) -> 59.4 | AE64: =IF(A64="","",AC64*10000000-ROUND(ABS((AD64-'設定'!$C$37)/'設定'!$C$38)*10000,0)) -> 49997694 | AF64: =IF(A64="","",COUNTIF($AE$4:$AE$153,"<"&AE64)+COUNTIFS($AE$4:$AE$153,AE64,$A$4:$A$153,"<"&A64)+1) -> 93 | AG64: =IF(Q64="","",IFERROR(VALUE(LEFT(Q64,FIND(" ",Q64&" ")-1)),IFERROR(INDEX($A$4:$A$153,MATCH(Q64,$C$4:$C$153,0)),""))) -> 2231 | AH64: =IF(R64="","",IFERROR(VALUE(LEFT(R64,FIND(" ",R64&" ")-1)),IFERROR(INDEX($A$4:$A$153,MATCH(R64,$C$4:$C$153,0)),""))) | AI64: =IF(S64="","",IFERROR(VALUE(LEFT(S64,FIND(" ",S64&" ")-1)),IFERROR(INDEX($A$4:$A$153,MATCH(S64,$C$4:$C$153,0)),""))) | AJ64: =IF(OR(A64="",B64=""),"",IF(COUNTIFS($B$4:B64,B64,$A$4:A64,"<>")=1,MAX($AJ$3:AJ63)+1,"")) | AK64: =IF(OR(A64="",NOT(ISNUMBER(L64))),"",L64^2) -> 79.21 | AL64: =IF(OR(A64="",NOT(ISNUMBER(L64))),0,(L64-INDEX('計算'!$AE$7:$AG$7,X64))/INDEX('計算'!$AE$8:$AG$8,X64)) -> 0.057799284
A65: 2227 | B65: 2 | C65: 三浦 蓮 | D65: みうら れん | E65: 男 | F65: 60 | G65: 71 | H65: 59 | I65: 74 | J65: 58 | K65: =IF(COUNT(F65:J65)=0,"",ROUND(AVERAGE(F65:J65),1)) -> 64.4 | L65: 8.4 | M65: × | U65: =IF(A65="","",INDEX('計算'!$Z$2:$Z$151,AF65)) -> 2 | V65: =IF(A65="","",IFERROR(IF(INDEX('②クラス編成'!$E$9:$E$158,MATCH(A65,'②クラス編成'!$D$9:$D$158,0))="","未",INDEX('②クラス編成'!$E$9:$E$158,MATCH(A65,'②クラス編成'!$D$9:$D$158,0))),"未")) -> 2 | W65: =IF(A65="","",A65&" "&C65) -> 2227 三浦 蓮 | X65: =IF(A65="","",IF(E65="男",1,IF(E65="女",2,3))) -> 1 | Y65: =IF(OR(M65="〇",M65="○",M65="◯"),1,0) -> 0 | Z65: =IF(OR(N65="〇",N65="○",N65="◯"),1,0) -> 0 | AA65: =IF(OR(O65="〇",O65="○",O65="◯"),1,0) -> 0 | AB65: =IF(OR(P65="〇",P65="○",P65="◯"),1,0) -> 0 | AC65: =IF(A65="","",IF(AA65=1,1,IF(Y65=1,2,IF(Z65=1,3,IF(AB65=1,4,5))))) -> 5 | AD65: =IF(A65="","",IF(K65="",'設定'!$C$37,K65)) -> 64.4 | AE65: =IF(A65="","",AC65*10000000-ROUND(ABS((AD65-'設定'!$C$37)/'設定'!$C$38)*10000,0)) -> 49998572 | AF65: =IF(A65="","",COUNTIF($AE$4:$AE$153,"<"&AE65)+COUNTIFS($AE$4:$AE$153,AE65,$A$4:$A$153,"<"&A65)+1) -> 96 | AG65: =IF(Q65="","",IFERROR(VALUE(LEFT(Q65,FIND(" ",Q65&" ")-1)),IFERROR(INDEX($A$4:$A$153,MATCH(Q65,$C$4:$C$153,0)),""))) | AH65: =IF(R65="","",IFERROR(VALUE(LEFT(R65,FIND(" ",R65&" ")-1)),IFERROR(INDEX($A$4:$A$153,MATCH(R65,$C$4:$C$153,0)),""))) | AI65: =IF(S65="","",IFERROR(VALUE(LEFT(S65,FIND(" ",S65&" ")-1)),IFERROR(INDEX($A$4:$A$153,MATCH(S65,$C$4:$C$153,0)),""))) | AJ65: =IF(OR(A65="",B65=""),"",IF(COUNTIFS($B$4:B65,B65,$A$4:A65,"<>")=1,MAX($AJ$3:AJ64)+1,"")) | AK65: =IF(OR(A65="",NOT(ISNUMBER(L65))),"",L65^2) -> 70.56 | AL65: =IF(OR(A65="",NOT(ISNUMBER(L65))),0,(L65-INDEX('計算'!$AE$7:$AG$7,X65))/INDEX('計算'!$AE$8:$AG$8,X65)) -> 1.6141956
A66: 2228 | B66: 2 | C66: 宮崎 紬 | D66: みやざき つむぎ | E66: 女 | F66: 74 | G66: 84 | H66: 76 | I66: 100 | J66: 81 | K66: =IF(COUNT(F66:J66)=0,"",ROUND(AVERAGE(F66:J66),1)) -> 83 | L66: 9.4 | M66: × | U66: =IF(A66="","",INDEX('計算'!$Z$2:$Z$151,AF66)) -> 3 | V66: =IF(A66="","",IFERROR(IF(INDEX('②クラス編成'!$E$9:$E$158,MATCH(A66,'②クラス編成'!$D$9:$D$158,0))="","未",INDEX('②クラス編成'!$E$9:$E$158,MATCH(A66,'②クラス編成'!$D$9:$D$158,0))),"未")) -> 3 | W66: =IF(A66="","",A66&" "&C66) -> 2228 宮崎 紬 | X66: =IF(A66="","",IF(E66="男",1,IF(E66="女",2,3))) -> 2 | Y66: =IF(OR(M66="〇",M66="○",M66="◯"),1,0) -> 0 | Z66: =IF(OR(N66="〇",N66="○",N66="◯"),1,0) -> 0 | AA66: =IF(OR(O66="〇",O66="○",O66="◯"),1,0) -> 0 | AB66: =IF(OR(P66="〇",P66="○",P66="◯"),1,0) -> 0 | AC66: =IF(A66="","",IF(AA66=1,1,IF(Y66=1,2,IF(Z66=1,3,IF(AB66=1,4,5))))) -> 5 | AD66: =IF(A66="","",IF(K66="",'設定'!$C$37,K66)) -> 83 | AE66: =IF(A66="","",AC66*10000000-ROUND(ABS((AD66-'設定'!$C$37)/'設定'!$C$38)*10000,0)) -> 49984682 | AF66: =IF(A66="","",COUNTIF($AE$4:$AE$153,"<"&AE66)+COUNTIFS($AE$4:$AE$153,AE66,$A$4:$A$153,"<"&A66)+1) -> 34 | AG66: =IF(Q66="","",IFERROR(VALUE(LEFT(Q66,FIND(" ",Q66&" ")-1)),IFERROR(INDEX($A$4:$A$153,MATCH(Q66,$C$4:$C$153,0)),""))) | AH66: =IF(R66="","",IFERROR(VALUE(LEFT(R66,FIND(" ",R66&" ")-1)),IFERROR(INDEX($A$4:$A$153,MATCH(R66,$C$4:$C$153,0)),""))) | AI66: =IF(S66="","",IFERROR(VALUE(LEFT(S66,FIND(" ",S66&" ")-1)),IFERROR(INDEX($A$4:$A$153,MATCH(S66,$C$4:$C$153,0)),""))) | AJ66: =IF(OR(A66="",B66=""),"",IF(COUNTIFS($B$4:B66,B66,$A$4:A66,"<>")=1,MAX($AJ$3:AJ65)+1,"")) | AK66: =IF(OR(A66="",NOT(ISNUMBER(L66))),"",L66^2) -> 88.36 | AL66: =IF(OR(A66="",NOT(ISNUMBER(L66))),0,(L66-INDEX('計算'!$AE$7:$AG$7,X66))/INDEX('計算'!$AE$8:$AG$8,X66)) -> 0.87662247
A67: 2229 | B67: 2 | C67: 森 大翔 | D67: もり ひろと | E67: 男 | F67: 86 | G67: 71 | H67: 87 | I67: 69 | J67: 86 | K67: =IF(COUNT(F67:J67)=0,"",ROUND(AVERAGE(F67:J67),1)) -> 79.8 | L67: 7.7 | M67: × | P67: 〇 | U67: =IF(A67="","",INDEX('計算'!$Z$2:$Z$151,AF67)) -> 2 | V67: =IF(A67="","",IFERROR(IF(INDEX('②クラス編成'!$E$9:$E$158,MATCH(A67,'②クラス編成'!$D$9:$D$158,0))="","未",INDEX('②クラス編成'!$E$9:$E$158,MATCH(A67,'②クラス編成'!$D$9:$D$158,0))),"未")) -> 2 | W67: =IF(A67="","",A67&" "&C67) -> 2229 森 大翔 | X67: =IF(A67="","",IF(E67="男",1,IF(E67="女",2,3))) -> 1 | Y67: =IF(OR(M67="〇",M67="○",M67="◯"),1,0) -> 0 | Z67: =IF(OR(N67="〇",N67="○",N67="◯"),1,0) -> 0 | AA67: =IF(OR(O67="〇",O67="○",O67="◯"),1,0) -> 0 | AB67: =IF(OR(P67="〇",P67="○",P67="◯"),1,0) -> 1 | AC67: =IF(A67="","",IF(AA67=1,1,IF(Y67=1,2,IF(Z67=1,3,IF(AB67=1,4,5))))) -> 4 | AD67: =IF(A67="","",IF(K67="",'設定'!$C$37,K67)) -> 79.8 | AE67: =IF(A67="","",AC67*10000000-ROUND(ABS((AD67-'設定'!$C$37)/'設定'!$C$38)*10000,0)) -> 39987072 | AF67: =IF(A67="","",COUNTIF($AE$4:$AE$153,"<"&AE67)+COUNTIFS($AE$4:$AE$153,AE67,$A$4:$A$153,"<"&A67)+1) -> 25 | AG67: =IF(Q67="","",IFERROR(VALUE(LEFT(Q67,FIND(" ",Q67&" ")-1)),IFERROR(INDEX($A$4:$A$153,MATCH(Q67,$C$4:$C$153,0)),""))) | AH67: =IF(R67="","",IFERROR(VALUE(LEFT(R67,FIND(" ",R67&" ")-1)),IFERROR(INDEX($A$4:$A$153,MATCH(R67,$C$4:$C$153,0)),""))) | AI67: =IF(S67="","",IFERROR(VALUE(LEFT(S67,FIND(" ",S67&" ")-1)),IFERROR(INDEX($A$4:$A$153,MATCH(S67,$C$4:$C$153,0)),""))) | AJ67: =IF(OR(A67="",B67=""),"",IF(COUNTIFS($B$4:B67,B67,$A$4:A67,"<>")=1,MAX($AJ$3:AJ66)+1,"")) | AK67: =IF(OR(A67="",NOT(ISNUMBER(L67))),"",L67^2) -> 59.29 | AL67: =IF(OR(A67="",NOT(ISNUMBER(L67))),0,(L67-INDEX('計算'!$AE$7:$AG$7,X67))/INDEX('計算'!$AE$8:$AG$8,X67)) -> 0.021073049
A68: 2230 | B68: 2 | C68: 森田 奏太 | D68: もりた かなた | E68: 男 | F68: 54 | G68: 76 | H68: 57 | I68: 52 | J68: 66 | K68: =IF(COUNT(F68:J68)=0,"",ROUND(AVERAGE(F68:J68),1)) -> 61 | L68: 7.8 | M68: × | U68: =IF(A68="","",INDEX('計算'!$Z$2:$Z$151,AF68)) -> 3 | V68: =IF(A68="","",IFERROR(IF(INDEX('②クラス編成'!$E$9:$E$158,MATCH(A68,'②クラス編成'!$D$9:$D$158,0))="","未",INDEX('②クラス編成'!$E$9:$E$158,MATCH(A68,'②クラス編成'!$D$9:$D$158,0))),"未")) -> 3 | W68: =IF(A68="","",A68&" "&C68) -> 2230 森田 奏太 | X68: =IF(A68="","",IF(E68="男",1,IF(E68="女",2,3))) -> 1 | Y68: =IF(OR(M68="〇",M68="○",M68="◯"),1,0) -> 0 | Z68: =IF(OR(N68="〇",N68="○",N68="◯"),1,0) -> 0 | AA68: =IF(OR(O68="〇",O68="○",O68="◯"),1,0) -> 0 | AB68: =IF(OR(P68="〇",P68="○",P68="◯"),1,0) -> 0 | AC68: =IF(A68="","",IF(AA68=1,1,IF(Y68=1,2,IF(Z68=1,3,IF(AB68=1,4,5))))) -> 5 | AD68: =IF(A68="","",IF(K68="",'設定'!$C$37,K68)) -> 61 | AE68: =IF(A68="","",AC68*10000000-ROUND(ABS((AD68-'設定'!$C$37)/'設定'!$C$38)*10000,0)) -> 49998889 | AF68: =IF(A68="","",COUNTIF($AE$4:$AE$153,"<"&AE68)+COUNTIFS($AE$4:$AE$153,AE68,$A$4:$A$153,"<"&A68)+1) -> 98 | AG68: =IF(Q68="","",IFERROR(VALUE(LEFT(Q68,FIND(" ",Q68&" ")-1)),IFERROR(INDEX($A$4:$A$153,MATCH(Q68,$C$4:$C$153,0)),""))) | AH68: =IF(R68="","",IFERROR(VALUE(LEFT(R68,FIND(" ",R68&" ")-1)),IFERROR(INDEX($A$4:$A$153,MATCH(R68,$C$4:$C$153,0)),""))) | AI68: =IF(S68="","",IFERROR(VALUE(LEFT(S68,FIND(" ",S68&" ")-1)),IFERROR(INDEX($A$4:$A$153,MATCH(S68,$C$4:$C$153,0)),""))) | AJ68: =IF(OR(A68="",B68=""),"",IF(COUNTIFS($B$4:B68,B68,$A$4:A68,"<>")=1,MAX($AJ$3:AJ67)+1,"")) | AK68: =IF(OR(A68="",NOT(ISNUMBER(L68))),"",L68^2) -> 60.84 | AL68: =IF(OR(A68="",NOT(ISNUMBER(L68))),0,(L68-INDEX('計算'!$AE$7:$AG$7,X68))/INDEX('計算'!$AE$8:$AG$8,X68)) -> 0.24866198
A69: 2231 | B69: 2 | C69: 森田 美羽 | D69: もりた みう | E69: 女 | F69: 76 | G69: 65 | H69: 81 | I69: 69 | J69: 81 | K69: =IF(COUNT(F69:J69)=0,"",ROUND(AVERAGE(F69:J69),1)) -> 74.4 | L69: 9 | M69: × | N69: 〇 | T69: 部活：陸上 | U69: =IF(A69="","",INDEX('計算'!$Z$2:$Z$151,AF69)) -> 1 | V69: =IF(A69="","",IFERROR(IF(INDEX('②クラス編成'!$E$9:$E$158,MATCH(A69,'②クラス編成'!$D$9:$D$158,0))="","未",INDEX('②クラス編成'!$E$9:$E$158,MATCH(A69,'②クラス編成'!$D$9:$D$158,0))),"未")) -> 1 | W69: =IF(A69="","",A69&" "&C69) -> 2231 森田 美羽 | X69: =IF(A69="","",IF(E69="男",1,IF(E69="女",2,3))) -> 2 | Y69: =IF(OR(M69="〇",M69="○",M69="◯"),1,0) -> 0 | Z69: =IF(OR(N69="〇",N69="○",N69="◯"),1,0) -> 1 | AA69: =IF(OR(O69="〇",O69="○",O69="◯"),1,0) -> 0 | AB69: =IF(OR(P69="〇",P69="○",P69="◯"),1,0) -> 0 | AC69: =IF(A69="","",IF(AA69=1,1,IF(Y69=1,2,IF(Z69=1,3,IF(AB69=1,4,5))))) -> 3 | AD69: =IF(A69="","",IF(K69="",'設定'!$C$37,K69)) -> 74.4 | AE69: =IF(A69="","",AC69*10000000-ROUND(ABS((AD69-'設定'!$C$37)/'設定'!$C$38)*10000,0)) -> 29991104 | AF69: =IF(A69="","",COUNTIF($AE$4:$AE$153,"<"&AE69)+COUNTIFS($AE$4:$AE$153,AE69,$A$4:$A$153,"<"&A69)+1) -> 20 | AG69: =IF(Q69="","",IFERROR(VALUE(LEFT(Q69,FIND(" ",Q69&" ")-1)),IFERROR(INDEX($A$4:$A$153,MATCH(Q69,$C$4:$C$153,0)),""))) | AH69: =IF(R69="","",IFERROR(VALUE(LEFT(R69,FIND(" ",R69&" ")-1)),IFERROR(INDEX($A$4:$A$153,MATCH(R69,$C$4:$C$153,0)),""))) | AI69: =IF(S69="","",IFERROR(VALUE(LEFT(S69,FIND(" ",S69&" ")-1)),IFERROR(INDEX($A$4:$A$153,MATCH(S69,$C$4:$C$153,0)),""))) | AJ69: =IF(OR(A69="",B69=""),"",IF(COUNTIFS($B$4:B69,B69,$A$4:A69,"<>")=1,MAX($AJ$3:AJ68)+1,"")) | AK69: =IF(OR(A69="",NOT(ISNUMBER(L69))),"",L69^2) -> 81 | AL69: =IF(OR(A69="",NOT(ISNUMBER(L69))),0,(L69-INDEX('計算'!$AE$7:$AG$7,X69))/INDEX('計算'!$AE$8:$AG$8,X69)) -> 0.22156392
A70: 2232 | B70: 2 | C70: 山田 誠 | D70: やまだ まこと | E70: 男 | F70: 78 | G70: 79 | H70: 88 | I70: 65 | J70: 81 | K70: =IF(COUNT(F70:J70)=0,"",ROUND(AVERAGE(F70:J70),1)) -> 78.2 | L70: 7.3 | M70: × | U70: =IF(A70="","",INDEX('計算'!$Z$2:$Z$151,AF70)) -> 2 | V70: =IF(A70="","",IFERROR(IF(INDEX('②クラス編成'!$E$9:$E$158,MATCH(A70,'②クラス編成'!$D$9:$D$158,0))="","未",INDEX('②クラス編成'!$E$9:$E$158,MATCH(A70,'②クラス編成'!$D$9:$D$158,0))),"未")) -> 2 | W70: =IF(A70="","",A70&" "&C70) -> 2232 山田 誠 | X70: =IF(A70="","",IF(E70="男",1,IF(E70="女",2,3))) -> 1 | Y70: =IF(OR(M70="〇",M70="○",M70="◯"),1,0) -> 0 | Z70: =IF(OR(N70="〇",N70="○",N70="◯"),1,0) -> 0 | AA70: =IF(OR(O70="〇",O70="○",O70="◯"),1,0) -> 0 | AB70: =IF(OR(P70="〇",P70="○",P70="◯"),1,0) -> 0 | AC70: =IF(A70="","",IF(AA70=1,1,IF(Y70=1,2,IF(Z70=1,3,IF(AB70=1,4,5))))) -> 5 | AD70: =IF(A70="","",IF(K70="",'設定'!$C$37,K70)) -> 78.2 | AE70: =IF(A70="","",AC70*10000000-ROUND(ABS((AD70-'設定'!$C$37)/'設定'!$C$38)*10000,0)) -> 49988266 | AF70: =IF(A70="","",COUNTIF($AE$4:$AE$153,"<"&AE70)+COUNTIFS($AE$4:$AE$153,AE70,$A$4:$A$153,"<"&A70)+1) -> 45 | AG70: =IF(Q70="","",IFERROR(VALUE(LEFT(Q70,FIND(" ",Q70&" ")-1)),IFERROR(INDEX($A$4:$A$153,MATCH(Q70,$C$4:$C$153,0)),""))) | AH70: =IF(R70="","",IFERROR(VALUE(LEFT(R70,FIND(" ",R70&" ")-1)),IFERROR(INDEX($A$4:$A$153,MATCH(R70,$C$4:$C$153,0)),""))) | AI70: =IF(S70="","",IFERROR(VALUE(LEFT(S70,FIND(" ",S70&" ")-1)),IFERROR(INDEX($A$4:$A$153,MATCH(S70,$C$4:$C$153,0)),""))) | AJ70: =IF(OR(A70="",B70=""),"",IF(COUNTIFS($B$4:B70,B70,$A$4:A70,"<>")=1,MAX($AJ$3:AJ69)+1,"")) | AK70: =IF(OR(A70="",NOT(ISNUMBER(L70))),"",L70^2) -> 53.29 | AL70: =IF(OR(A70="",NOT(ISNUMBER(L70))),0,(L70-INDEX('計算'!$AE$7:$AG$7,X70))/INDEX('計算'!$AE$8:$AG$8,X70)) -> -0.88928267
A71: 2233 | B71: 2 | C71: 吉田 遥 | D71: よしだ はるか | E71: 女 | F71: 53 | G71: 43 | H71: 45 | I71: 68 | J71: 51 | K71: =IF(COUNT(F71:J71)=0,"",ROUND(AVERAGE(F71:J71),1)) -> 52 | L71: 9.6 | M71: × | U71: =IF(A71="","",INDEX('計算'!$Z$2:$Z$151,AF71)) -> 3 | V71: =IF(A71="","",IFERROR(IF(INDEX('②クラス編成'!$E$9:$E$158,MATCH(A71,'②クラス編成'!$D$9:$D$158,0))="","未",INDEX('②クラス編成'!$E$9:$E$158,MATCH(A71,'②クラス編成'!$D$9:$D$158,0))),"未")) -> 3 | W71: =IF(A71="","",A71&" "&C71) -> 2233 吉田 遥 | X71: =IF(A71="","",IF(E71="男",1,IF(E71="女",2,3))) -> 2 | Y71: =IF(OR(M71="〇",M71="○",M71="◯"),1,0) -> 0 | Z71: =IF(OR(N71="〇",N71="○",N71="◯"),1,0) -> 0 | AA71: =IF(OR(O71="〇",O71="○",O71="◯"),1,0) -> 0 | AB71: =IF(OR(P71="〇",P71="○",P71="◯"),1,0) -> 0 | AC71: =IF(A71="","",IF(AA71=1,1,IF(Y71=1,2,IF(Z71=1,3,IF(AB71=1,4,5))))) -> 5 | AD71: =IF(A71="","",IF(K71="",'設定'!$C$37,K71)) -> 52 | AE71: =IF(A71="","",AC71*10000000-ROUND(ABS((AD71-'設定'!$C$37)/'設定'!$C$38)*10000,0)) -> 49992168 | AF71: =IF(A71="","",COUNTIF($AE$4:$AE$153,"<"&AE71)+COUNTIFS($AE$4:$AE$153,AE71,$A$4:$A$153,"<"&A71)+1) -> 70 | AG71: =IF(Q71="","",IFERROR(VALUE(LEFT(Q71,FIND(" ",Q71&" ")-1)),IFERROR(INDEX($A$4:$A$153,MATCH(Q71,$C$4:$C$153,0)),""))) | AH71: =IF(R71="","",IFERROR(VALUE(LEFT(R71,FIND(" ",R71&" ")-1)),IFERROR(INDEX($A$4:$A$153,MATCH(R71,$C$4:$C$153,0)),""))) | AI71: =IF(S71="","",IFERROR(VALUE(LEFT(S71,FIND(" ",S71&" ")-1)),IFERROR(INDEX($A$4:$A$153,MATCH(S71,$C$4:$C$153,0)),""))) | AJ71: =IF(OR(A71="",B71=""),"",IF(COUNTIFS($B$4:B71,B71,$A$4:A71,"<>")=1,MAX($AJ$3:AJ70)+1,"")) | AK71: =IF(OR(A71="",NOT(ISNUMBER(L71))),"",L71^2) -> 92.16 | AL71: =IF(OR(A71="",NOT(ISNUMBER(L71))),0,(L71-INDEX('計算'!$AE$7:$AG$7,X71))/INDEX('計算'!$AE$8:$AG$8,X71)) -> 1.2041518
A72: 2234 | B72: 2 | C72: 吉田 陽翔 | D72: よしだ はると | E72: 男 | F72: 53 | G72: 60 | H72: 63 | I72: 47 | J72: 52 | K72: =IF(COUNT(F72:J72)=0,"",ROUND(AVERAGE(F72:J72),1)) -> 55 | L72: 7.9 | M72: × | S72: 2207 伊藤 美桜 | U72: =IF(A72="","",INDEX('計算'!$Z$2:$Z$151,AF72)) -> 1 | V72: =IF(A72="","",IFERROR(IF(INDEX('②クラス編成'!$E$9:$E$158,MATCH(A72,'②クラス編成'!$D$9:$D$158,0))="","未",INDEX('②クラス編成'!$E$9:$E$158,MATCH(A72,'②クラス編成'!$D$9:$D$158,0))),"未")) -> 1 | W72: =IF(A72="","",A72&" "&C72) -> 2234 吉田 陽翔 | X72: =IF(A72="","",IF(E72="男",1,IF(E72="女",2,3))) -> 1 | Y72: =IF(OR(M72="〇",M72="○",M72="◯"),1,0) -> 0 | Z72: =IF(OR(N72="〇",N72="○",N72="◯"),1,0) -> 0 | AA72: =IF(OR(O72="〇",O72="○",O72="◯"),1,0) -> 0 | AB72: =IF(OR(P72="〇",P72="○",P72="◯"),1,0) -> 0 | AC72: =IF(A72="","",IF(AA72=1,1,IF(Y72=1,2,IF(Z72=1,3,IF(AB72=1,4,5))))) -> 5 | AD72: =IF(A72="","",IF(K72="",'設定'!$C$37,K72)) -> 55 | AE72: =IF(A72="","",AC72*10000000-ROUND(ABS((AD72-'設定'!$C$37)/'設定'!$C$38)*10000,0)) -> 49994408 | AF72: =IF(A72="","",COUNTIF($AE$4:$AE$153,"<"&AE72)+COUNTIFS($AE$4:$AE$153,AE72,$A$4:$A$153,"<"&A72)+1) -> 80 | AG72: =IF(Q72="","",IFERROR(VALUE(LEFT(Q72,FIND(" ",Q72&" ")-1)),IFERROR(INDEX($A$4:$A$153,MATCH(Q72,$C$4:$C$153,0)),""))) | AH72: =IF(R72="","",IFERROR(VALUE(LEFT(R72,FIND(" ",R72&" ")-1)),IFERROR(INDEX($A$4:$A$153,MATCH(R72,$C$4:$C$153,0)),""))) | AI72: =IF(S72="","",IFERROR(VALUE(LEFT(S72,FIND(" ",S72&" ")-1)),IFERROR(INDEX($A$4:$A$153,MATCH(S72,$C$4:$C$153,0)),""))) -> 2207 | AJ72: =IF(OR(A72="",B72=""),"",IF(COUNTIFS($B$4:B72,B72,$A$4:A72,"<>")=1,MAX($AJ$3:AJ71)+1,"")) | AK72: =IF(OR(A72="",NOT(ISNUMBER(L72))),"",L72^2) -> 62.41 | AL72: =IF(OR(A72="",NOT(ISNUMBER(L72))),0,(L72-INDEX('計算'!$AE$7:$AG$7,X72))/INDEX('計算'!$AE$8:$AG$8,X72)) -> 0.47625091
A73: 2235 | B73: 2 | C73: 渡辺 奏太 | D73: わたなべ かなた | E73: 男 | F73: 30 | G73: 63 | H73: 34 | I73: 46 | J73: 53 | K73: =IF(COUNT(F73:J73)=0,"",ROUND(AVERAGE(F73:J73),1)) -> 45.2 | L73: 8.1 | M73: × | U73: =IF(A73="","",INDEX('計算'!$Z$2:$Z$151,AF73)) -> 1 | V73: =IF(A73="","",IFERROR(IF(INDEX('②クラス編成'!$E$9:$E$158,MATCH(A73,'②クラス編成'!$D$9:$D$158,0))="","未",INDEX('②クラス編成'!$E$9:$E$158,MATCH(A73,'②クラス編成'!$D$9:$D$158,0))),"未")) -> 1 | W73: =IF(A73="","",A73&" "&C73) -> 2235 渡辺 奏太 | X73: =IF(A73="","",IF(E73="男",1,IF(E73="女",2,3))) -> 1 | Y73: =IF(OR(M73="〇",M73="○",M73="◯"),1,0) -> 0 | Z73: =IF(OR(N73="〇",N73="○",N73="◯"),1,0) -> 0 | AA73: =IF(OR(O73="〇",O73="○",O73="◯"),1,0) -> 0 | AB73: =IF(OR(P73="〇",P73="○",P73="◯"),1,0) -> 0 | AC73: =IF(A73="","",IF(AA73=1,1,IF(Y73=1,2,IF(Z73=1,3,IF(AB73=1,4,5))))) -> 5 | AD73: =IF(A73="","",IF(K73="",'設定'!$C$37,K73)) -> 45.2 | AE73: =IF(A73="","",AC73*10000000-ROUND(ABS((AD73-'設定'!$C$37)/'設定'!$C$38)*10000,0)) -> 49987090 | AF73: =IF(A73="","",COUNTIF($AE$4:$AE$153,"<"&AE73)+COUNTIFS($AE$4:$AE$153,AE73,$A$4:$A$153,"<"&A73)+1) -> 41 | AG73: =IF(Q73="","",IFERROR(VALUE(LEFT(Q73,FIND(" ",Q73&" ")-1)),IFERROR(INDEX($A$4:$A$153,MATCH(Q73,$C$4:$C$153,0)),""))) | AH73: =IF(R73="","",IFERROR(VALUE(LEFT(R73,FIND(" ",R73&" ")-1)),IFERROR(INDEX($A$4:$A$153,MATCH(R73,$C$4:$C$153,0)),""))) | AI73: =IF(S73="","",IFERROR(VALUE(LEFT(S73,FIND(" ",S73&" ")-1)),IFERROR(INDEX($A$4:$A$153,MATCH(S73,$C$4:$C$153,0)),""))) | AJ73: =IF(OR(A73="",B73=""),"",IF(COUNTIFS($B$4:B73,B73,$A$4:A73,"<>")=1,MAX($AJ$3:AJ72)+1,"")) | AK73: =IF(OR(A73="",NOT(ISNUMBER(L73))),"",L73^2) -> 65.61 | AL73: =IF(OR(A73="",NOT(ISNUMBER(L73))),0,(L73-INDEX('計算'!$AE$7:$AG$7,X73))/INDEX('計算'!$AE$8:$AG$8,X73)) -> 0.93142877
A74: 2301 | B74: 3 | C74: 石井 大翔 | D74: いしい ひろと | E74: 男 | F74: 82 | G74: 96 | H74: 90 | I74: 100 | J74: 100 | K74: =IF(COUNT(F74:J74)=0,"",ROUND(AVERAGE(F74:J74),1)) -> 93.6 | L74: 8.3 | M74: × | U74: =IF(A74="","",INDEX('計算'!$Z$2:$Z$151,AF74)) -> 3 | V74: =IF(A74="","",IFERROR(IF(INDEX('②クラス編成'!$E$9:$E$158,MATCH(A74,'②クラス編成'!$D$9:$D$158,0))="","未",INDEX('②クラス編成'!$E$9:$E$158,MATCH(A74,'②クラス編成'!$D$9:$D$158,0))),"未")) -> 3 | W74: =IF(A74="","",A74&" "&C74) -> 2301 石井 大翔 | X74: =IF(A74="","",IF(E74="男",1,IF(E74="女",2,3))) -> 1 | Y74: =IF(OR(M74="〇",M74="○",M74="◯"),1,0) -> 0 | Z74: =IF(OR(N74="〇",N74="○",N74="◯"),1,0) -> 0 | AA74: =IF(OR(O74="〇",O74="○",O74="◯"),1,0) -> 0 | AB74: =IF(OR(P74="〇",P74="○",P74="◯"),1,0) -> 0 | AC74: =IF(A74="","",IF(AA74=1,1,IF(Y74=1,2,IF(Z74=1,3,IF(AB74=1,4,5))))) -> 5 | AD74: =IF(A74="","",IF(K74="",'設定'!$C$37,K74)) -> 93.6 | AE74: =IF(A74="","",AC74*10000000-ROUND(ABS((AD74-'設定'!$C$37)/'設定'!$C$38)*10000,0)) -> 49976766 | AF74: =IF(A74="","",COUNTIF($AE$4:$AE$153,"<"&AE74)+COUNTIFS($AE$4:$AE$153,AE74,$A$4:$A$153,"<"&A74)+1) -> 29 | AG74: =IF(Q74="","",IFERROR(VALUE(LEFT(Q74,FIND(" ",Q74&" ")-1)),IFERROR(INDEX($A$4:$A$153,MATCH(Q74,$C$4:$C$153,0)),""))) | AH74: =IF(R74="","",IFERROR(VALUE(LEFT(R74,FIND(" ",R74&" ")-1)),IFERROR(INDEX($A$4:$A$153,MATCH(R74,$C$4:$C$153,0)),""))) | AI74: =IF(S74="","",IFERROR(VALUE(LEFT(S74,FIND(" ",S74&" ")-1)),IFERROR(INDEX($A$4:$A$153,MATCH(S74,$C$4:$C$153,0)),""))) | AJ74: =IF(OR(A74="",B74=""),"",IF(COUNTIFS($B$4:B74,B74,$A$4:A74,"<>")=1,MAX($AJ$3:AJ73)+1,"")) -> 3 | AK74: =IF(OR(A74="",NOT(ISNUMBER(L74))),"",L74^2) -> 68.89 | AL74: =IF(OR(A74="",NOT(ISNUMBER(L74))),0,(L74-INDEX('計算'!$AE$7:$AG$7,X74))/INDEX('計算'!$AE$8:$AG$8,X74)) -> 1.3866066
A75: 2302 | B75: 3 | C75: 石井 結衣 | D75: いしい ゆい | E75: 女 | F75: 96 | G75: 95 | H75: 79 | I75: 58 | J75: 70 | K75: =IF(COUNT(F75:J75)=0,"",ROUND(AVERAGE(F75:J75),1)) -> 79.6 | L75: 9.3 | M75: 〇 | Q75: 2307 江口 駿 | T75: 部活：サッカー | U75: =IF(A75="","",INDEX('計算'!$Z$2:$Z$151,AF75)) -> 3 | V75: =IF(A75="","",IFERROR(IF(INDEX('②クラス編成'!$E$9:$E$158,MATCH(A75,'②クラス編成'!$D$9:$D$158,0))="","未",INDEX('②クラス編成'!$E$9:$E$158,MATCH(A75,'②クラス編成'!$D$9:$D$158,0))),"未")) -> 3 | W75: =IF(A75="","",A75&" "&C75) -> 2302 石井 結衣 | X75: =IF(A75="","",IF(E75="男",1,IF(E75="女",2,3))) -> 2 | Y75: =IF(OR(M75="〇",M75="○",M75="◯"),1,0) -> 1 | Z75: =IF(OR(N75="〇",N75="○",N75="◯"),1,0) -> 0 | AA75: =IF(OR(O75="〇",O75="○",O75="◯"),1,0) -> 0 | AB75: =IF(OR(P75="〇",P75="○",P75="◯"),1,0) -> 0 | AC75: =IF(A75="","",IF(AA75=1,1,IF(Y75=1,2,IF(Z75=1,3,IF(AB75=1,4,5))))) -> 2 | AD75: =IF(A75="","",IF(K75="",'設定'!$C$37,K75)) -> 79.6 | AE75: =IF(A75="","",AC75*10000000-ROUND(ABS((AD75-'設定'!$C$37)/'設定'!$C$38)*10000,0)) -> 19987221 | AF75: =IF(A75="","",COUNTIF($AE$4:$AE$153,"<"&AE75)+COUNTIFS($AE$4:$AE$153,AE75,$A$4:$A$153,"<"&A75)+1) -> 9 | AG75: =IF(Q75="","",IFERROR(VALUE(LEFT(Q75,FIND(" ",Q75&" ")-1)),IFERROR(INDEX($A$4:$A$153,MATCH(Q75,$C$4:$C$153,0)),""))) -> 2307 | AH75: =IF(R75="","",IFERROR(VALUE(LEFT(R75,FIND(" ",R75&" ")-1)),IFERROR(INDEX($A$4:$A$153,MATCH(R75,$C$4:$C$153,0)),""))) | AI75: =IF(S75="","",IFERROR(VALUE(LEFT(S75,FIND(" ",S75&" ")-1)),IFERROR(INDEX($A$4:$A$153,MATCH(S75,$C$4:$C$153,0)),""))) | AJ75: =IF(OR(A75="",B75=""),"",IF(COUNTIFS($B$4:B75,B75,$A$4:A75,"<>")=1,MAX($AJ$3:AJ74)+1,"")) | AK75: =IF(OR(A75="",NOT(ISNUMBER(L75))),"",L75^2) -> 86.49 | AL75: =IF(OR(A75="",NOT(ISNUMBER(L75))),0,(L75-INDEX('計算'!$AE$7:$AG$7,X75))/INDEX('計算'!$AE$8:$AG$8,X75)) -> 0.71285784
A76: 2303 | B76: 3 | C76: 石川 太一 | D76: いしかわ たいち | E76: 男 | F76: 57 | G76: 45 | H76: 38 | I76: 61 | J76: 57 | K76: =IF(COUNT(F76:J76)=0,"",ROUND(AVERAGE(F76:J76),1)) -> 51.6 | L76: 8 | M76: × | U76: =IF(A76="","",INDEX('計算'!$Z$2:$Z$151,AF76)) -> 3 | V76: =IF(A76="","",IFERROR(IF(INDEX('②クラス編成'!$E$9:$E$158,MATCH(A76,'②クラス編成'!$D$9:$D$158,0))="","未",INDEX('②クラス編成'!$E$9:$E$158,MATCH(A76,'②クラス編成'!$D$9:$D$158,0))),"未")) -> 3 | W76: =IF(A76="","",A76&" "&C76) -> 2303 石川 太一 | X76: =IF(A76="","",IF(E76="男",1,IF(E76="女",2,3))) -> 1 | Y76: =IF(OR(M76="〇",M76="○",M76="◯"),1,0) -> 0 | Z76: =IF(OR(N76="〇",N76="○",N76="◯"),1,0) -> 0 | AA76: =IF(OR(O76="〇",O76="○",O76="◯"),1,0) -> 0 | AB76: =IF(OR(P76="〇",P76="○",P76="◯"),1,0) -> 0 | AC76: =IF(A76="","",IF(AA76=1,1,IF(Y76=1,2,IF(Z76=1,3,IF(AB76=1,4,5))))) -> 5 | AD76: =IF(A76="","",IF(K76="",'設定'!$C$37,K76)) -> 51.6 | AE76: =IF(A76="","",AC76*10000000-ROUND(ABS((AD76-'設定'!$C$37)/'設定'!$C$38)*10000,0)) -> 49991869 | AF76: =IF(A76="","",COUNTIF($AE$4:$AE$153,"<"&AE76)+COUNTIFS($AE$4:$AE$153,AE76,$A$4:$A$153,"<"&A76)+1) -> 67 | AG76: =IF(Q76="","",IFERROR(VALUE(LEFT(Q76,FIND(" ",Q76&" ")-1)),IFERROR(INDEX($A$4:$A$153,MATCH(Q76,$C$4:$C$153,0)),""))) | AH76: =IF(R76="","",IFERROR(VALUE(LEFT(R76,FIND(" ",R76&" ")-1)),IFERROR(INDEX($A$4:$A$153,MATCH(R76,$C$4:$C$153,0)),""))) | AI76: =IF(S76="","",IFERROR(VALUE(LEFT(S76,FIND(" ",S76&" ")-1)),IFERROR(INDEX($A$4:$A$153,MATCH(S76,$C$4:$C$153,0)),""))) | AJ76: =IF(OR(A76="",B76=""),"",IF(COUNTIFS($B$4:B76,B76,$A$4:A76,"<>")=1,MAX($AJ$3:AJ75)+1,"")) | AK76: =IF(OR(A76="",NOT(ISNUMBER(L76))),"",L76^2) -> 64 | AL76: =IF(OR(A76="",NOT(ISNUMBER(L76))),0,(L76-INDEX('計算'!$AE$7:$AG$7,X76))/INDEX('計算'!$AE$8:$AG$8,X76)) -> 0.70383984
A77: 2304 | B77: 3 | C77: 石田 結衣 | D77: いしだ ゆい | E77: 女 | F77: 66 | G77: 78 | H77: 80 | I77: 67 | J77: 84 | K77: =IF(COUNT(F77:J77)=0,"",ROUND(AVERAGE(F77:J77),1)) -> 75 | L77: 8.6 | M77: 〇 | U77: =IF(A77="","",INDEX('計算'!$Z$2:$Z$151,AF77)) -> 3 | V77: =IF(A77="","",IFERROR(IF(INDEX('②クラス編成'!$E$9:$E$158,MATCH(A77,'②クラス編成'!$D$9:$D$158,0))="","未",INDEX('②クラス編成'!$E$9:$E$158,MATCH(A77,'②クラス編成'!$D$9:$D$158,0))),"未")) -> 3 | W77: =IF(A77="","",A77&" "&C77) -> 2304 石田 結衣 | X77: =IF(A77="","",IF(E77="男",1,IF(E77="女",2,3))) -> 2 | Y77: =IF(OR(M77="〇",M77="○",M77="◯"),1,0) -> 1 | Z77: =IF(OR(N77="〇",N77="○",N77="◯"),1,0) -> 0 | AA77: =IF(OR(O77="〇",O77="○",O77="◯"),1,0) -> 0 | AB77: =IF(OR(P77="〇",P77="○",P77="◯"),1,0) -> 0 | AC77: =IF(A77="","",IF(AA77=1,1,IF(Y77=1,2,IF(Z77=1,3,IF(AB77=1,4,5))))) -> 2 | AD77: =IF(A77="","",IF(K77="",'設定'!$C$37,K77)) -> 75 | AE77: =IF(A77="","",AC77*10000000-ROUND(ABS((AD77-'設定'!$C$37)/'設定'!$C$38)*10000,0)) -> 19990656 | AF77: =IF(A77="","",COUNTIF($AE$4:$AE$153,"<"&AE77)+COUNTIFS($AE$4:$AE$153,AE77,$A$4:$A$153,"<"&A77)+1) -> 12 | AG77: =IF(Q77="","",IFERROR(VALUE(LEFT(Q77,FIND(" ",Q77&" ")-1)),IFERROR(INDEX($A$4:$A$153,MATCH(Q77,$C$4:$C$153,0)),""))) | AH77: =IF(R77="","",IFERROR(VALUE(LEFT(R77,FIND(" ",R77&" ")-1)),IFERROR(INDEX($A$4:$A$153,MATCH(R77,$C$4:$C$153,0)),""))) | AI77: =IF(S77="","",IFERROR(VALUE(LEFT(S77,FIND(" ",S77&" ")-1)),IFERROR(INDEX($A$4:$A$153,MATCH(S77,$C$4:$C$153,0)),""))) | AJ77: =IF(OR(A77="",B77=""),"",IF(COUNTIFS($B$4:B77,B77,$A$4:A77,"<>")=1,MAX($AJ$3:AJ76)+1,"")) | AK77: =IF(OR(A77="",NOT(ISNUMBER(L77))),"",L77^2) -> 73.96 | AL77: =IF(OR(A77="",NOT(ISNUMBER(L77))),0,(L77-INDEX('計算'!$AE$7:$AG$7,X77))/INDEX('計算'!$AE$8:$AG$8,X77)) -> -0.43349463
A78: 2305 | B78: 3 | C78: 江頭 樹 | D78: えがしら いつき | E78: 男 | F78: 67 | G78: 66 | H78: 69 | I78: 57 | J78: 56 | K78: =IF(COUNT(F78:J78)=0,"",ROUND(AVERAGE(F78:J78),1)) -> 63 | L78: 7.6 | M78: × | U78: =IF(A78="","",INDEX('計算'!$Z$2:$Z$151,AF78)) -> 1 | V78: =IF(A78="","",IFERROR(IF(INDEX('②クラス編成'!$E$9:$E$158,MATCH(A78,'②クラス編成'!$D$9:$D$158,0))="","未",INDEX('②クラス編成'!$E$9:$E$158,MATCH(A78,'②クラス編成'!$D$9:$D$158,0))),"未")) -> 1 | W78: =IF(A78="","",A78&" "&C78) -> 2305 江頭 樹 | X78: =IF(A78="","",IF(E78="男",1,IF(E78="女",2,3))) -> 1 | Y78: =IF(OR(M78="〇",M78="○",M78="◯"),1,0) -> 0 | Z78: =IF(OR(N78="〇",N78="○",N78="◯"),1,0) -> 0 | AA78: =IF(OR(O78="〇",O78="○",O78="◯"),1,0) -> 0 | AB78: =IF(OR(P78="〇",P78="○",P78="◯"),1,0) -> 0 | AC78: =IF(A78="","",IF(AA78=1,1,IF(Y78=1,2,IF(Z78=1,3,IF(AB78=1,4,5))))) -> 5 | AD78: =IF(A78="","",IF(K78="",'設定'!$C$37,K78)) -> 63 | AE78: =IF(A78="","",AC78*10000000-ROUND(ABS((AD78-'設定'!$C$37)/'設定'!$C$38)*10000,0)) -> 49999617 | AF78: =IF(A78="","",COUNTIF($AE$4:$AE$153,"<"&AE78)+COUNTIFS($AE$4:$AE$153,AE78,$A$4:$A$153,"<"&A78)+1) -> 101 | AG78: =IF(Q78="","",IFERROR(VALUE(LEFT(Q78,FIND(" ",Q78&" ")-1)),IFERROR(INDEX($A$4:$A$153,MATCH(Q78,$C$4:$C$153,0)),""))) | AH78: =IF(R78="","",IFERROR(VALUE(LEFT(R78,FIND(" ",R78&" ")-1)),IFERROR(INDEX($A$4:$A$153,MATCH(R78,$C$4:$C$153,0)),""))) | AI78: =IF(S78="","",IFERROR(VALUE(LEFT(S78,FIND(" ",S78&" ")-1)),IFERROR(INDEX($A$4:$A$153,MATCH(S78,$C$4:$C$153,0)),""))) | AJ78: =IF(OR(A78="",B78=""),"",IF(COUNTIFS($B$4:B78,B78,$A$4:A78,"<>")=1,MAX($AJ$3:AJ77)+1,"")) | AK78: =IF(OR(A78="",NOT(ISNUMBER(L78))),"",L78^2) -> 57.76 | AL78: =IF(OR(A78="",NOT(ISNUMBER(L78))),0,(L78-INDEX('計算'!$AE$7:$AG$7,X78))/INDEX('計算'!$AE$8:$AG$8,X78)) -> -0.20651588
A79: 2306 | B79: 3 | C79: 江頭 康介 | D79: えがしら こうすけ | E79: 男 | F79: 73 | G79: 75 | H79: 79 | I79: 72 | J79: 78 | K79: =IF(COUNT(F79:J79)=0,"",ROUND(AVERAGE(F79:J79),1)) -> 75.4 | L79: 7.8 | M79: × | Q79: 2307 江口 駿 | U79: =IF(A79="","",INDEX('計算'!$Z$2:$Z$151,AF79)) -> 1 | V79: =IF(A79="","",IFERROR(IF(INDEX('②クラス編成'!$E$9:$E$158,MATCH(A79,'②クラス編成'!$D$9:$D$158,0))="","未",INDEX('②クラス編成'!$E$9:$E$158,MATCH(A79,'②クラス編成'!$D$9:$D$158,0))),"未")) -> 1 | W79: =IF(A79="","",A79&" "&C79) -> 2306 江頭 康介 | X79: =IF(A79="","",IF(E79="男",1,IF(E79="女",2,3))) -> 1 | Y79: =IF(OR(M79="〇",M79="○",M79="◯"),1,0) -> 0 | Z79: =IF(OR(N79="〇",N79="○",N79="◯"),1,0) -> 0 | AA79: =IF(OR(O79="〇",O79="○",O79="◯"),1,0) -> 0 | AB79: =IF(OR(P79="〇",P79="○",P79="◯"),1,0) -> 0 | AC79: =IF(A79="","",IF(AA79=1,1,IF(Y79=1,2,IF(Z79=1,3,IF(AB79=1,4,5))))) -> 5 | AD79: =IF(A79="","",IF(K79="",'設定'!$C$37,K79)) -> 75.4 | AE79: =IF(A79="","",AC79*10000000-ROUND(ABS((AD79-'設定'!$C$37)/'設定'!$C$38)*10000,0)) -> 49990357 | AF79: =IF(A79="","",COUNTIF($AE$4:$AE$153,"<"&AE79)+COUNTIFS($AE$4:$AE$153,AE79,$A$4:$A$153,"<"&A79)+1) -> 59 | AG79: =IF(Q79="","",IFERROR(VALUE(LEFT(Q79,FIND(" ",Q79&" ")-1)),IFERROR(INDEX($A$4:$A$153,MATCH(Q79,$C$4:$C$153,0)),""))) -> 2307 | AH79: =IF(R79="","",IFERROR(VALUE(LEFT(R79,FIND(" ",R79&" ")-1)),IFERROR(INDEX($A$4:$A$153,MATCH(R79,$C$4:$C$153,0)),""))) | AI79: =IF(S79="","",IFERROR(VALUE(LEFT(S79,FIND(" ",S79&" ")-1)),IFERROR(INDEX($A$4:$A$153,MATCH(S79,$C$4:$C$153,0)),""))) | AJ79: =IF(OR(A79="",B79=""),"",IF(COUNTIFS($B$4:B79,B79,$A$4:A79,"<>")=1,MAX($AJ$3:AJ78)+1,"")) | AK79: =IF(OR(A79="",NOT(ISNUMBER(L79))),"",L79^2) -> 60.84 | AL79: =IF(OR(A79="",NOT(ISNUMBER(L79))),0,(L79-INDEX('計算'!$AE$7:$AG$7,X79))/INDEX('計算'!$AE$8:$AG$8,X79)) -> 0.24866198
A80: 2307 | B80: 3 | C80: 江口 駿 | D80: えぐち しゅん | E80: 男 | F80: 71 | G80: 71 | H80: 85 | I80: 65 | J80: 76 | K80: =IF(COUNT(F80:J80)=0,"",ROUND(AVERAGE(F80:J80),1)) -> 73.6 | L80: 7.8 | M80: × | T80: 生徒会 | U80: =IF(A80="","",INDEX('計算'!$Z$2:$Z$151,AF80)) -> 1 | V80: =IF(A80="","",IFERROR(IF(INDEX('②クラス編成'!$E$9:$E$158,MATCH(A80,'②クラス編成'!$D$9:$D$158,0))="","未",INDEX('②クラス編成'!$E$9:$E$158,MATCH(A80,'②クラス編成'!$D$9:$D$158,0))),"未")) -> 1 | W80: =IF(A80="","",A80&" "&C80) -> 2307 江口 駿 | X80: =IF(A80="","",IF(E80="男",1,IF(E80="女",2,3))) -> 1 | Y80: =IF(OR(M80="〇",M80="○",M80="◯"),1,0) -> 0 | Z80: =IF(OR(N80="〇",N80="○",N80="◯"),1,0) -> 0 | AA80: =IF(OR(O80="〇",O80="○",O80="◯"),1,0) -> 0 | AB80: =IF(OR(P80="〇",P80="○",P80="◯"),1,0) -> 0 | AC80: =IF(A80="","",IF(AA80=1,1,IF(Y80=1,2,IF(Z80=1,3,IF(AB80=1,4,5))))) -> 5 | AD80: =IF(A80="","",IF(K80="",'設定'!$C$37,K80)) -> 73.6 | AE80: =IF(A80="","",AC80*10000000-ROUND(ABS((AD80-'設定'!$C$37)/'設定'!$C$38)*10000,0)) -> 49991702 | AF80: =IF(A80="","",COUNTIF($AE$4:$AE$153,"<"&AE80)+COUNTIFS($AE$4:$AE$153,AE80,$A$4:$A$153,"<"&A80)+1) -> 65 | AG80: =IF(Q80="","",IFERROR(VALUE(LEFT(Q80,FIND(" ",Q80&" ")-1)),IFERROR(INDEX($A$4:$A$153,MATCH(Q80,$C$4:$C$153,0)),""))) | AH80: =IF(R80="","",IFERROR(VALUE(LEFT(R80,FIND(" ",R80&" ")-1)),IFERROR(INDEX($A$4:$A$153,MATCH(R80,$C$4:$C$153,0)),""))) | AI80: =IF(S80="","",IFERROR(VALUE(LEFT(S80,FIND(" ",S80&" ")-1)),IFERROR(INDEX($A$4:$A$153,MATCH(S80,$C$4:$C$153,0)),""))) | AJ80: =IF(OR(A80="",B80=""),"",IF(COUNTIFS($B$4:B80,B80,$A$4:A80,"<>")=1,MAX($AJ$3:AJ79)+1,"")) | AK80: =IF(OR(A80="",NOT(ISNUMBER(L80))),"",L80^2) -> 60.84 | AL80: =IF(OR(A80="",NOT(ISNUMBER(L80))),0,(L80-INDEX('計算'!$AE$7:$AG$7,X80))/INDEX('計算'!$AE$8:$AG$8,X80)) -> 0.24866198
A81: 2308 | B81: 3 | C81: 遠藤 律 | D81: えんどう りつ | E81: 男 | F81: 58 | G81: 49 | H81: 48 | I81: 60 | J81: 57 | K81: =IF(COUNT(F81:J81)=0,"",ROUND(AVERAGE(F81:J81),1)) -> 54.4 | L81: 8.1 | M81: × | U81: =IF(A81="","",INDEX('計算'!$Z$2:$Z$151,AF81)) -> 3 | V81: =IF(A81="","",IFERROR(IF(INDEX('②クラス編成'!$E$9:$E$158,MATCH(A81,'②クラス編成'!$D$9:$D$158,0))="","未",INDEX('②クラス編成'!$E$9:$E$158,MATCH(A81,'②クラス編成'!$D$9:$D$158,0))),"未")) -> 3 | W81: =IF(A81="","",A81&" "&C81) -> 2308 遠藤 律 | X81: =IF(A81="","",IF(E81="男",1,IF(E81="女",2,3))) -> 1 | Y81: =IF(OR(M81="〇",M81="○",M81="◯"),1,0) -> 0 | Z81: =IF(OR(N81="〇",N81="○",N81="◯"),1,0) -> 0 | AA81: =IF(OR(O81="〇",O81="○",O81="◯"),1,0) -> 0 | AB81: =IF(OR(P81="〇",P81="○",P81="◯"),1,0) -> 0 | AC81: =IF(A81="","",IF(AA81=1,1,IF(Y81=1,2,IF(Z81=1,3,IF(AB81=1,4,5))))) -> 5 | AD81: =IF(A81="","",IF(K81="",'設定'!$C$37,K81)) -> 54.4 | AE81: =IF(A81="","",AC81*10000000-ROUND(ABS((AD81-'設定'!$C$37)/'設定'!$C$38)*10000,0)) -> 49993960 | AF81: =IF(A81="","",COUNTIF($AE$4:$AE$153,"<"&AE81)+COUNTIFS($AE$4:$AE$153,AE81,$A$4:$A$153,"<"&A81)+1) -> 77 | AG81: =IF(Q81="","",IFERROR(VALUE(LEFT(Q81,FIND(" ",Q81&" ")-1)),IFERROR(INDEX($A$4:$A$153,MATCH(Q81,$C$4:$C$153,0)),""))) | AH81: =IF(R81="","",IFERROR(VALUE(LEFT(R81,FIND(" ",R81&" ")-1)),IFERROR(INDEX($A$4:$A$153,MATCH(R81,$C$4:$C$153,0)),""))) | AI81: =IF(S81="","",IFERROR(VALUE(LEFT(S81,FIND(" ",S81&" ")-1)),IFERROR(INDEX($A$4:$A$153,MATCH(S81,$C$4:$C$153,0)),""))) | AJ81: =IF(OR(A81="",B81=""),"",IF(COUNTIFS($B$4:B81,B81,$A$4:A81,"<>")=1,MAX($AJ$3:AJ80)+1,"")) | AK81: =IF(OR(A81="",NOT(ISNUMBER(L81))),"",L81^2) -> 65.61 | AL81: =IF(OR(A81="",NOT(ISNUMBER(L81))),0,(L81-INDEX('計算'!$AE$7:$AG$7,X81))/INDEX('計算'!$AE$8:$AG$8,X81)) -> 0.93142877
A82: 2309 | B82: 3 | C82: 大久保 真央 | D82: おおくぼ まお | E82: 女 | F82: 77 | G82: 93 | H82: 79 | I82: 86 | J82: 86 | K82: =IF(COUNT(F82:J82)=0,"",ROUND(AVERAGE(F82:J82),1)) -> 84.2 | L82: 8.2 | M82: × | T82: 部活：美術 | U82: =IF(A82="","",INDEX('計算'!$Z$2:$Z$151,AF82)) -> 1 | V82: =IF(A82="","",IFERROR(IF(INDEX('②クラス編成'!$E$9:$E$158,MATCH(A82,'②クラス編成'!$D$9:$D$158,0))="","未",INDEX('②クラス編成'!$E$9:$E$158,MATCH(A82,'②クラス編成'!$D$9:$D$158,0))),"未")) -> 1 | W82: =IF(A82="","",A82&" "&C82) -> 2309 大久保 真央 | X82: =IF(A82="","",IF(E82="男",1,IF(E82="女",2,3))) -> 2 | Y82: =IF(OR(M82="〇",M82="○",M82="◯"),1,0) -> 0 | Z82: =IF(OR(N82="〇",N82="○",N82="◯"),1,0) -> 0 | AA82: =IF(OR(O82="〇",O82="○",O82="◯"),1,0) -> 0 | AB82: =IF(OR(P82="〇",P82="○",P82="◯"),1,0) -> 0 | AC82: =IF(A82="","",IF(AA82=1,1,IF(Y82=1,2,IF(Z82=1,3,IF(AB82=1,4,5))))) -> 5 | AD82: =IF(A82="","",IF(K82="",'設定'!$C$37,K82)) -> 84.2 | AE82: =IF(A82="","",AC82*10000000-ROUND(ABS((AD82-'設定'!$C$37)/'設定'!$C$38)*10000,0)) -> 49983786 | AF82: =IF(A82="","",COUNTIF($AE$4:$AE$153,"<"&AE82)+COUNTIFS($AE$4:$AE$153,AE82,$A$4:$A$153,"<"&A82)+1) -> 33 | AG82: =IF(Q82="","",IFERROR(VALUE(LEFT(Q82,FIND(" ",Q82&" ")-1)),IFERROR(INDEX($A$4:$A$153,MATCH(Q82,$C$4:$C$153,0)),""))) | AH82: =IF(R82="","",IFERROR(VALUE(LEFT(R82,FIND(" ",R82&" ")-1)),IFERROR(INDEX($A$4:$A$153,MATCH(R82,$C$4:$C$153,0)),""))) | AI82: =IF(S82="","",IFERROR(VALUE(LEFT(S82,FIND(" ",S82&" ")-1)),IFERROR(INDEX($A$4:$A$153,MATCH(S82,$C$4:$C$153,0)),""))) | AJ82: =IF(OR(A82="",B82=""),"",IF(COUNTIFS($B$4:B82,B82,$A$4:A82,"<>")=1,MAX($AJ$3:AJ81)+1,"")) | AK82: =IF(OR(A82="",NOT(ISNUMBER(L82))),"",L82^2) -> 67.24 | AL82: =IF(OR(A82="",NOT(ISNUMBER(L82))),0,(L82-INDEX('計算'!$AE$7:$AG$7,X82))/INDEX('計算'!$AE$8:$AG$8,X82)) -> -1.0885532
A83: 2310 | B83: 3 | C83: 大久保 悠人 | D83: おおくぼ ゆうと | E83: 男 | F83: 58 | G83: 60 | H83: 39 | I83: 42 | J83: 52 | K83: =IF(COUNT(F83:J83)=0,"",ROUND(AVERAGE(F83:J83),1)) -> 50.2 | L83: 7.8 | M83: × | N83: 〇 | U83: =IF(A83="","",INDEX('計算'!$Z$2:$Z$151,AF83)) -> 3 | V83: =IF(A83="","",IFERROR(IF(INDEX('②クラス編成'!$E$9:$E$158,MATCH(A83,'②クラス編成'!$D$9:$D$158,0))="","未",INDEX('②クラス編成'!$E$9:$E$158,MATCH(A83,'②クラス編成'!$D$9:$D$158,0))),"未")) -> 3 | W83: =IF(A83="","",A83&" "&C83) -> 2310 大久保 悠人 | X83: =IF(A83="","",IF(E83="男",1,IF(E83="女",2,3))) -> 1 | Y83: =IF(OR(M83="〇",M83="○",M83="◯"),1,0) -> 0 | Z83: =IF(OR(N83="〇",N83="○",N83="◯"),1,0) -> 1 | AA83: =IF(OR(O83="〇",O83="○",O83="◯"),1,0) -> 0 | AB83: =IF(OR(P83="〇",P83="○",P83="◯"),1,0) -> 0 | AC83: =IF(A83="","",IF(AA83=1,1,IF(Y83=1,2,IF(Z83=1,3,IF(AB83=1,4,5))))) -> 3 | AD83: =IF(A83="","",IF(K83="",'設定'!$C$37,K83)) -> 50.2 | AE83: =IF(A83="","",AC83*10000000-ROUND(ABS((AD83-'設定'!$C$37)/'設定'!$C$38)*10000,0)) -> 29990824 | AF83: =IF(A83="","",COUNTIF($AE$4:$AE$153,"<"&AE83)+COUNTIFS($AE$4:$AE$153,AE83,$A$4:$A$153,"<"&A83)+1) -> 19 | AG83: =IF(Q83="","",IFERROR(VALUE(LEFT(Q83,FIND(" ",Q83&" ")-1)),IFERROR(INDEX($A$4:$A$153,MATCH(Q83,$C$4:$C$153,0)),""))) | AH83: =IF(R83="","",IFERROR(VALUE(LEFT(R83,FIND(" ",R83&" ")-1)),IFERROR(INDEX($A$4:$A$153,MATCH(R83,$C$4:$C$153,0)),""))) | AI83: =IF(S83="","",IFERROR(VALUE(LEFT(S83,FIND(" ",S83&" ")-1)),IFERROR(INDEX($A$4:$A$153,MATCH(S83,$C$4:$C$153,0)),""))) | AJ83: =IF(OR(A83="",B83=""),"",IF(COUNTIFS($B$4:B83,B83,$A$4:A83,"<>")=1,MAX($AJ$3:AJ82)+1,"")) | AK83: =IF(OR(A83="",NOT(ISNUMBER(L83))),"",L83^2) -> 60.84 | AL83: =IF(OR(A83="",NOT(ISNUMBER(L83))),0,(L83-INDEX('計算'!$AE$7:$AG$7,X83))/INDEX('計算'!$AE$8:$AG$8,X83)) -> 0.24866198
A84: 2311 | B84: 3 | C84: 太田 拓海 | D84: おおた たくみ | E84: 男 | F84: 50 | G84: 64 | H84: 43 | I84: 51 | J84: 51 | K84: =IF(COUNT(F84:J84)=0,"",ROUND(AVERAGE(F84:J84),1)) -> 51.8 | L84: 8.6 | M84: × | U84: =IF(A84="","",INDEX('計算'!$Z$2:$Z$151,AF84)) -> 2 | V84: =IF(A84="","",IFERROR(IF(INDEX('②クラス編成'!$E$9:$E$158,MATCH(A84,'②クラス編成'!$D$9:$D$158,0))="","未",INDEX('②クラス編成'!$E$9:$E$158,MATCH(A84,'②クラス編成'!$D$9:$D$158,0))),"未")) -> 2 | W84: =IF(A84="","",A84&" "&C84) -> 2311 太田 拓海 | X84: =IF(A84="","",IF(E84="男",1,IF(E84="女",2,3))) -> 1 | Y84: =IF(OR(M84="〇",M84="○",M84="◯"),1,0) -> 0 | Z84: =IF(OR(N84="〇",N84="○",N84="◯"),1,0) -> 0 | AA84: =IF(OR(O84="〇",O84="○",O84="◯"),1,0) -> 0 | AB84: =IF(OR(P84="〇",P84="○",P84="◯"),1,0) -> 0 | AC84: =IF(A84="","",IF(AA84=1,1,IF(Y84=1,2,IF(Z84=1,3,IF(AB84=1,4,5))))) -> 5 | AD84: =IF(A84="","",IF(K84="",'設定'!$C$37,K84)) -> 51.8 | AE84: =IF(A84="","",AC84*10000000-ROUND(ABS((AD84-'設定'!$C$37)/'設定'!$C$38)*10000,0)) -> 49992019 | AF84: =IF(A84="","",COUNTIF($AE$4:$AE$153,"<"&AE84)+COUNTIFS($AE$4:$AE$153,AE84,$A$4:$A$153,"<"&A84)+1) -> 69 | AG84: =IF(Q84="","",IFERROR(VALUE(LEFT(Q84,FIND(" ",Q84&" ")-1)),IFERROR(INDEX($A$4:$A$153,MATCH(Q84,$C$4:$C$153,0)),""))) | AH84: =IF(R84="","",IFERROR(VALUE(LEFT(R84,FIND(" ",R84&" ")-1)),IFERROR(INDEX($A$4:$A$153,MATCH(R84,$C$4:$C$153,0)),""))) | AI84: =IF(S84="","",IFERROR(VALUE(LEFT(S84,FIND(" ",S84&" ")-1)),IFERROR(INDEX($A$4:$A$153,MATCH(S84,$C$4:$C$153,0)),""))) | AJ84: =IF(OR(A84="",B84=""),"",IF(COUNTIFS($B$4:B84,B84,$A$4:A84,"<>")=1,MAX($AJ$3:AJ83)+1,"")) | AK84: =IF(OR(A84="",NOT(ISNUMBER(L84))),"",L84^2) -> 73.96 | AL84: =IF(OR(A84="",NOT(ISNUMBER(L84))),0,(L84-INDEX('計算'!$AE$7:$AG$7,X84))/INDEX('計算'!$AE$8:$AG$8,X84)) -> 2.0693734
A85: 2312 | B85: 3 | C85: 岡田 海斗 | D85: おかだ かいと | E85: 男 | F85: 54 | G85: 70 | H85: 46 | I85: 64 | J85: 66 | K85: =IF(COUNT(F85:J85)=0,"",ROUND(AVERAGE(F85:J85),1)) -> 60 | L85: 8 | M85: 〇 | P85: 〇 | U85: =IF(A85="","",INDEX('計算'!$Z$2:$Z$151,AF85)) -> 3 | V85: =IF(A85="","",IFERROR(IF(INDEX('②クラス編成'!$E$9:$E$158,MATCH(A85,'②クラス編成'!$D$9:$D$158,0))="","未",INDEX('②クラス編成'!$E$9:$E$158,MATCH(A85,'②クラス編成'!$D$9:$D$158,0))),"未")) -> 3 | W85: =IF(A85="","",A85&" "&C85) -> 2312 岡田 海斗 | X85: =IF(A85="","",IF(E85="男",1,IF(E85="女",2,3))) -> 1 | Y85: =IF(OR(M85="〇",M85="○",M85="◯"),1,0) -> 1 | Z85: =IF(OR(N85="〇",N85="○",N85="◯"),1,0) -> 0 | AA85: =IF(OR(O85="〇",O85="○",O85="◯"),1,0) -> 0 | AB85: =IF(OR(P85="〇",P85="○",P85="◯"),1,0) -> 1 | AC85: =IF(A85="","",IF(AA85=1,1,IF(Y85=1,2,IF(Z85=1,3,IF(AB85=1,4,5))))) -> 2 | AD85: =IF(A85="","",IF(K85="",'設定'!$C$37,K85)) -> 60 | AE85: =IF(A85="","",AC85*10000000-ROUND(ABS((AD85-'設定'!$C$37)/'設定'!$C$38)*10000,0)) -> 19998142 | AF85: =IF(A85="","",COUNTIF($AE$4:$AE$153,"<"&AE85)+COUNTIFS($AE$4:$AE$153,AE85,$A$4:$A$153,"<"&A85)+1) -> 15 | AG85: =IF(Q85="","",IFERROR(VALUE(LEFT(Q85,FIND(" ",Q85&" ")-1)),IFERROR(INDEX($A$4:$A$153,MATCH(Q85,$C$4:$C$153,0)),""))) | AH85: =IF(R85="","",IFERROR(VALUE(LEFT(R85,FIND(" ",R85&" ")-1)),IFERROR(INDEX($A$4:$A$153,MATCH(R85,$C$4:$C$153,0)),""))) | AI85: =IF(S85="","",IFERROR(VALUE(LEFT(S85,FIND(" ",S85&" ")-1)),IFERROR(INDEX($A$4:$A$153,MATCH(S85,$C$4:$C$153,0)),""))) | AJ85: =IF(OR(A85="",B85=""),"",IF(COUNTIFS($B$4:B85,B85,$A$4:A85,"<>")=1,MAX($AJ$3:AJ84)+1,"")) | AK85: =IF(OR(A85="",NOT(ISNUMBER(L85))),"",L85^2) -> 64 | AL85: =IF(OR(A85="",NOT(ISNUMBER(L85))),0,(L85-INDEX('計算'!$AE$7:$AG$7,X85))/INDEX('計算'!$AE$8:$AG$8,X85)) -> 0.70383984
A86: 2313 | B86: 3 | C86: 岡本 圭吾 | D86: おかもと けいご | E86: 男 | F86: 53 | G86: 67 | H86: 45 | I86: 55 | J86: 58 | K86: =IF(COUNT(F86:J86)=0,"",ROUND(AVERAGE(F86:J86),1)) -> 55.6 | L86: 7.2 | M86: × | U86: =IF(A86="","",INDEX('計算'!$Z$2:$Z$151,AF86)) -> 2 | V86: =IF(A86="","",IFERROR(IF(INDEX('②クラス編成'!$E$9:$E$158,MATCH(A86,'②クラス編成'!$D$9:$D$158,0))="","未",INDEX('②クラス編成'!$E$9:$E$158,MATCH(A86,'②クラス編成'!$D$9:$D$158,0))),"未")) -> 2 | W86: =IF(A86="","",A86&" "&C86) -> 2313 岡本 圭吾 | X86: =IF(A86="","",IF(E86="男",1,IF(E86="女",2,3))) -> 1 | Y86: =IF(OR(M86="〇",M86="○",M86="◯"),1,0) -> 0 | Z86: =IF(OR(N86="〇",N86="○",N86="◯"),1,0) -> 0 | AA86: =IF(OR(O86="〇",O86="○",O86="◯"),1,0) -> 0 | AB86: =IF(OR(P86="〇",P86="○",P86="◯"),1,0) -> 0 | AC86: =IF(A86="","",IF(AA86=1,1,IF(Y86=1,2,IF(Z86=1,3,IF(AB86=1,4,5))))) -> 5 | AD86: =IF(A86="","",IF(K86="",'設定'!$C$37,K86)) -> 55.6 | AE86: =IF(A86="","",AC86*10000000-ROUND(ABS((AD86-'設定'!$C$37)/'設定'!$C$38)*10000,0)) -> 49994857 | AF86: =IF(A86="","",COUNTIF($AE$4:$AE$153,"<"&AE86)+COUNTIFS($AE$4:$AE$153,AE86,$A$4:$A$153,"<"&A86)+1) -> 82 | AG86: =IF(Q86="","",IFERROR(VALUE(LEFT(Q86,FIND(" ",Q86&" ")-1)),IFERROR(INDEX($A$4:$A$153,MATCH(Q86,$C$4:$C$153,0)),""))) | AH86: =IF(R86="","",IFERROR(VALUE(LEFT(R86,FIND(" ",R86&" ")-1)),IFERROR(INDEX($A$4:$A$153,MATCH(R86,$C$4:$C$153,0)),""))) | AI86: =IF(S86="","",IFERROR(VALUE(LEFT(S86,FIND(" ",S86&" ")-1)),IFERROR(INDEX($A$4:$A$153,MATCH(S86,$C$4:$C$153,0)),""))) | AJ86: =IF(OR(A86="",B86=""),"",IF(COUNTIFS($B$4:B86,B86,$A$4:A86,"<>")=1,MAX($AJ$3:AJ85)+1,"")) | AK86: =IF(OR(A86="",NOT(ISNUMBER(L86))),"",L86^2) -> 51.84 | AL86: =IF(OR(A86="",NOT(ISNUMBER(L86))),0,(L86-INDEX('計算'!$AE$7:$AG$7,X86))/INDEX('計算'!$AE$8:$AG$8,X86)) -> -1.1168716
A87: 2314 | B87: 3 | C87: 小川 詩織 | D87: おがわ しおり | E87: 女 | F87: 98 | G87: 75 | H87: 71 | I87: 81 | J87: 86 | K87: =IF(COUNT(F87:J87)=0,"",ROUND(AVERAGE(F87:J87),1)) -> 82.2 | L87: 8.9 | M87: × | O87: 〇 | U87: =IF(A87="","",INDEX('計算'!$Z$2:$Z$151,AF87)) -> 1 | V87: =IF(A87="","",IFERROR(IF(INDEX('②クラス編成'!$E$9:$E$158,MATCH(A87,'②クラス編成'!$D$9:$D$158,0))="","未",INDEX('②クラス編成'!$E$9:$E$158,MATCH(A87,'②クラス編成'!$D$9:$D$158,0))),"未")) -> 1 | W87: =IF(A87="","",A87&" "&C87) -> 2314 小川 詩織 | X87: =IF(A87="","",IF(E87="男",1,IF(E87="女",2,3))) -> 2 | Y87: =IF(OR(M87="〇",M87="○",M87="◯"),1,0) -> 0 | Z87: =IF(OR(N87="〇",N87="○",N87="◯"),1,0) -> 0 | AA87: =IF(OR(O87="〇",O87="○",O87="◯"),1,0) -> 1 | AB87: =IF(OR(P87="〇",P87="○",P87="◯"),1,0) -> 0 | AC87: =IF(A87="","",IF(AA87=1,1,IF(Y87=1,2,IF(Z87=1,3,IF(AB87=1,4,5))))) -> 1 | AD87: =IF(A87="","",IF(K87="",'設定'!$C$37,K87)) -> 82.2 | AE87: =IF(A87="","",AC87*10000000-ROUND(ABS((AD87-'設定'!$C$37)/'設定'!$C$38)*10000,0)) -> 9985279 | AF87: =IF(A87="","",COUNTIF($AE$4:$AE$153,"<"&AE87)+COUNTIFS($AE$4:$AE$153,AE87,$A$4:$A$153,"<"&A87)+1) -> 1 | AG87: =IF(Q87="","",IFERROR(VALUE(LEFT(Q87,FIND(" ",Q87&" ")-1)),IFERROR(INDEX($A$4:$A$153,MATCH(Q87,$C$4:$C$153,0)),""))) | AH87: =IF(R87="","",IFERROR(VALUE(LEFT(R87,FIND(" ",R87&" ")-1)),IFERROR(INDEX($A$4:$A$153,MATCH(R87,$C$4:$C$153,0)),""))) | AI87: =IF(S87="","",IFERROR(VALUE(LEFT(S87,FIND(" ",S87&" ")-1)),IFERROR(INDEX($A$4:$A$153,MATCH(S87,$C$4:$C$153,0)),""))) | AJ87: =IF(OR(A87="",B87=""),"",IF(COUNTIFS($B$4:B87,B87,$A$4:A87,"<>")=1,MAX($AJ$3:AJ86)+1,"")) | AK87: =IF(OR(A87="",NOT(ISNUMBER(L87))),"",L87^2) -> 79.21 | AL87: =IF(OR(A87="",NOT(ISNUMBER(L87))),0,(L87-INDEX('計算'!$AE$7:$AG$7,X87))/INDEX('計算'!$AE$8:$AG$8,X87)) -> 0.057799284
A88: 2315 | B88: 3 | C88: 加藤 駿 | D88: かとう しゅん | E88: 男 | F88: 74 | G88: 77 | H88: 72 | I88: 72 | J88: 78 | K88: =IF(COUNT(F88:J88)=0,"",ROUND(AVERAGE(F88:J88),1)) -> 74.6 | L88: 7.7 | M88: × | U88: =IF(A88="","",INDEX('計算'!$Z$2:$Z$151,AF88)) -> 3 | V88: =IF(A88="","",IFERROR(IF(INDEX('②クラス編成'!$E$9:$E$158,MATCH(A88,'②クラス編成'!$D$9:$D$158,0))="","未",INDEX('②クラス編成'!$E$9:$E$158,MATCH(A88,'②クラス編成'!$D$9:$D$158,0))),"未")) -> 3 | W88: =IF(A88="","",A88&" "&C88) -> 2315 加藤 駿 | X88: =IF(A88="","",IF(E88="男",1,IF(E88="女",2,3))) -> 1 | Y88: =IF(OR(M88="〇",M88="○",M88="◯"),1,0) -> 0 | Z88: =IF(OR(N88="〇",N88="○",N88="◯"),1,0) -> 0 | AA88: =IF(OR(O88="〇",O88="○",O88="◯"),1,0) -> 0 | AB88: =IF(OR(P88="〇",P88="○",P88="◯"),1,0) -> 0 | AC88: =IF(A88="","",IF(AA88=1,1,IF(Y88=1,2,IF(Z88=1,3,IF(AB88=1,4,5))))) -> 5 | AD88: =IF(A88="","",IF(K88="",'設定'!$C$37,K88)) -> 74.6 | AE88: =IF(A88="","",AC88*10000000-ROUND(ABS((AD88-'設定'!$C$37)/'設定'!$C$38)*10000,0)) -> 49990955 | AF88: =IF(A88="","",COUNTIF($AE$4:$AE$153,"<"&AE88)+COUNTIFS($AE$4:$AE$153,AE88,$A$4:$A$153,"<"&A88)+1) -> 62 | AG88: =IF(Q88="","",IFERROR(VALUE(LEFT(Q88,FIND(" ",Q88&" ")-1)),IFERROR(INDEX($A$4:$A$153,MATCH(Q88,$C$4:$C$153,0)),""))) | AH88: =IF(R88="","",IFERROR(VALUE(LEFT(R88,FIND(" ",R88&" ")-1)),IFERROR(INDEX($A$4:$A$153,MATCH(R88,$C$4:$C$153,0)),""))) | AI88: =IF(S88="","",IFERROR(VALUE(LEFT(S88,FIND(" ",S88&" ")-1)),IFERROR(INDEX($A$4:$A$153,MATCH(S88,$C$4:$C$153,0)),""))) | AJ88: =IF(OR(A88="",B88=""),"",IF(COUNTIFS($B$4:B88,B88,$A$4:A88,"<>")=1,MAX($AJ$3:AJ87)+1,"")) | AK88: =IF(OR(A88="",NOT(ISNUMBER(L88))),"",L88^2) -> 59.29 | AL88: =IF(OR(A88="",NOT(ISNUMBER(L88))),0,(L88-INDEX('計算'!$AE$7:$AG$7,X88))/INDEX('計算'!$AE$8:$AG$8,X88)) -> 0.021073049
A89: 2316 | B89: 3 | C89: 小林 理沙 | D89: こばやし りさ | E89: 女 | F89: 58 | G89: 55 | H89: 39 | I89: 57 | J89: 48 | K89: =IF(COUNT(F89:J89)=0,"",ROUND(AVERAGE(F89:J89),1)) -> 51.4 | L89: 8.9 | M89: × | U89: =IF(A89="","",INDEX('計算'!$Z$2:$Z$151,AF89)) -> 2 | V89: =IF(A89="","",IFERROR(IF(INDEX('②クラス編成'!$E$9:$E$158,MATCH(A89,'②クラス編成'!$D$9:$D$158,0))="","未",INDEX('②クラス編成'!$E$9:$E$158,MATCH(A89,'②クラス編成'!$D$9:$D$158,0))),"未")) -> 2 | W89: =IF(A89="","",A89&" "&C89) -> 2316 小林 理沙 | X89: =IF(A89="","",IF(E89="男",1,IF(E89="女",2,3))) -> 2 | Y89: =IF(OR(M89="〇",M89="○",M89="◯"),1,0) -> 0 | Z89: =IF(OR(N89="〇",N89="○",N89="◯"),1,0) -> 0 | AA89: =IF(OR(O89="〇",O89="○",O89="◯"),1,0) -> 0 | AB89: =IF(OR(P89="〇",P89="○",P89="◯"),1,0) -> 0 | AC89: =IF(A89="","",IF(AA89=1,1,IF(Y89=1,2,IF(Z89=1,3,IF(AB89=1,4,5))))) -> 5 | AD89: =IF(A89="","",IF(K89="",'設定'!$C$37,K89)) -> 51.4 | AE89: =IF(A89="","",AC89*10000000-ROUND(ABS((AD89-'設定'!$C$37)/'設定'!$C$38)*10000,0)) -> 49991720 | AF89: =IF(A89="","",COUNTIF($AE$4:$AE$153,"<"&AE89)+COUNTIFS($AE$4:$AE$153,AE89,$A$4:$A$153,"<"&A89)+1) -> 66 | AG89: =IF(Q89="","",IFERROR(VALUE(LEFT(Q89,FIND(" ",Q89&" ")-1)),IFERROR(INDEX($A$4:$A$153,MATCH(Q89,$C$4:$C$153,0)),""))) | AH89: =IF(R89="","",IFERROR(VALUE(LEFT(R89,FIND(" ",R89&" ")-1)),IFERROR(INDEX($A$4:$A$153,MATCH(R89,$C$4:$C$153,0)),""))) | AI89: =IF(S89="","",IFERROR(VALUE(LEFT(S89,FIND(" ",S89&" ")-1)),IFERROR(INDEX($A$4:$A$153,MATCH(S89,$C$4:$C$153,0)),""))) | AJ89: =IF(OR(A89="",B89=""),"",IF(COUNTIFS($B$4:B89,B89,$A$4:A89,"<>")=1,MAX($AJ$3:AJ88)+1,"")) | AK89: =IF(OR(A89="",NOT(ISNUMBER(L89))),"",L89^2) -> 79.21 | AL89: =IF(OR(A89="",NOT(ISNUMBER(L89))),0,(L89-INDEX('計算'!$AE$7:$AG$7,X89))/INDEX('計算'!$AE$8:$AG$8,X89)) -> 0.057799284
A90: 2317 | B90: 3 | C90: 後藤 花音 | D90: ごとう かのん | E90: 女 | F90: 43 | G90: 49 | H90: 55 | I90: 48 | J90: 37 | K90: =IF(COUNT(F90:J90)=0,"",ROUND(AVERAGE(F90:J90),1)) -> 46.4 | L90: 8.7 | M90: 〇 | U90: =IF(A90="","",INDEX('計算'!$Z$2:$Z$151,AF90)) -> 1 | V90: =IF(A90="","",IFERROR(IF(INDEX('②クラス編成'!$E$9:$E$158,MATCH(A90,'②クラス編成'!$D$9:$D$158,0))="","未",INDEX('②クラス編成'!$E$9:$E$158,MATCH(A90,'②クラス編成'!$D$9:$D$158,0))),"未")) -> 1 | W90: =IF(A90="","",A90&" "&C90) -> 2317 後藤 花音 | X90: =IF(A90="","",IF(E90="男",1,IF(E90="女",2,3))) -> 2 | Y90: =IF(OR(M90="〇",M90="○",M90="◯"),1,0) -> 1 | Z90: =IF(OR(N90="〇",N90="○",N90="◯"),1,0) -> 0 | AA90: =IF(OR(O90="〇",O90="○",O90="◯"),1,0) -> 0 | AB90: =IF(OR(P90="〇",P90="○",P90="◯"),1,0) -> 0 | AC90: =IF(A90="","",IF(AA90=1,1,IF(Y90=1,2,IF(Z90=1,3,IF(AB90=1,4,5))))) -> 2 | AD90: =IF(A90="","",IF(K90="",'設定'!$C$37,K90)) -> 46.4 | AE90: =IF(A90="","",AC90*10000000-ROUND(ABS((AD90-'設定'!$C$37)/'設定'!$C$38)*10000,0)) -> 19987986 | AF90: =IF(A90="","",COUNTIF($AE$4:$AE$153,"<"&AE90)+COUNTIFS($AE$4:$AE$153,AE90,$A$4:$A$153,"<"&A90)+1) -> 10 | AG90: =IF(Q90="","",IFERROR(VALUE(LEFT(Q90,FIND(" ",Q90&" ")-1)),IFERROR(INDEX($A$4:$A$153,MATCH(Q90,$C$4:$C$153,0)),""))) | AH90: =IF(R90="","",IFERROR(VALUE(LEFT(R90,FIND(" ",R90&" ")-1)),IFERROR(INDEX($A$4:$A$153,MATCH(R90,$C$4:$C$153,0)),""))) | AI90: =IF(S90="","",IFERROR(VALUE(LEFT(S90,FIND(" ",S90&" ")-1)),IFERROR(INDEX($A$4:$A$153,MATCH(S90,$C$4:$C$153,0)),""))) | AJ90: =IF(OR(A90="",B90=""),"",IF(COUNTIFS($B$4:B90,B90,$A$4:A90,"<>")=1,MAX($AJ$3:AJ89)+1,"")) | AK90: =IF(OR(A90="",NOT(ISNUMBER(L90))),"",L90^2) -> 75.69 | AL90: =IF(OR(A90="",NOT(ISNUMBER(L90))),0,(L90-INDEX('計算'!$AE$7:$AG$7,X90))/INDEX('計算'!$AE$8:$AG$8,X90)) -> -0.26972999
A91: 2318 | B91: 3 | C91: 酒井 太一 | D91: さかい たいち | E91: 男 | F91: 60 | G91: 53 | H91: 55 | I91: 66 | J91: 60 | K91: =IF(COUNT(F91:J91)=0,"",ROUND(AVERAGE(F91:J91),1)) -> 58.8 | L91: 7.5 | M91: × | T91: 部活：陸上 | U91: =IF(A91="","",INDEX('計算'!$Z$2:$Z$151,AF91)) -> 2 | V91: =IF(A91="","",IFERROR(IF(INDEX('②クラス編成'!$E$9:$E$158,MATCH(A91,'②クラス編成'!$D$9:$D$158,0))="","未",INDEX('②クラス編成'!$E$9:$E$158,MATCH(A91,'②クラス編成'!$D$9:$D$158,0))),"未")) -> 2 | W91: =IF(A91="","",A91&" "&C91) -> 2318 酒井 太一 | X91: =IF(A91="","",IF(E91="男",1,IF(E91="女",2,3))) -> 1 | Y91: =IF(OR(M91="〇",M91="○",M91="◯"),1,0) -> 0 | Z91: =IF(OR(N91="〇",N91="○",N91="◯"),1,0) -> 0 | AA91: =IF(OR(O91="〇",O91="○",O91="◯"),1,0) -> 0 | AB91: =IF(OR(P91="〇",P91="○",P91="◯"),1,0) -> 0 | AC91: =IF(A91="","",IF(AA91=1,1,IF(Y91=1,2,IF(Z91=1,3,IF(AB91=1,4,5))))) -> 5 | AD91: =IF(A91="","",IF(K91="",'設定'!$C$37,K91)) -> 58.8 | AE91: =IF(A91="","",AC91*10000000-ROUND(ABS((AD91-'設定'!$C$37)/'設定'!$C$38)*10000,0)) -> 49997246 | AF91: =IF(A91="","",COUNTIF($AE$4:$AE$153,"<"&AE91)+COUNTIFS($AE$4:$AE$153,AE91,$A$4:$A$153,"<"&A91)+1) -> 89 | AG91: =IF(Q91="","",IFERROR(VALUE(LEFT(Q91,FIND(" ",Q91&" ")-1)),IFERROR(INDEX($A$4:$A$153,MATCH(Q91,$C$4:$C$153,0)),""))) | AH91: =IF(R91="","",IFERROR(VALUE(LEFT(R91,FIND(" ",R91&" ")-1)),IFERROR(INDEX($A$4:$A$153,MATCH(R91,$C$4:$C$153,0)),""))) | AI91: =IF(S91="","",IFERROR(VALUE(LEFT(S91,FIND(" ",S91&" ")-1)),IFERROR(INDEX($A$4:$A$153,MATCH(S91,$C$4:$C$153,0)),""))) | AJ91: =IF(OR(A91="",B91=""),"",IF(COUNTIFS($B$4:B91,B91,$A$4:A91,"<>")=1,MAX($AJ$3:AJ90)+1,"")) | AK91: =IF(OR(A91="",NOT(ISNUMBER(L91))),"",L91^2) -> 56.25 | AL91: =IF(OR(A91="",NOT(ISNUMBER(L91))),0,(L91-INDEX('計算'!$AE$7:$AG$7,X91))/INDEX('計算'!$AE$8:$AG$8,X91)) -> -0.43410481
A92: 2319 | B92: 3 | C92: 坂本 結菜 | D92: さかもと ゆな | E92: 女 | F92: 69 | G92: 85 | H92: 90 | I92: 73 | J92: 76 | K92: =IF(COUNT(F92:J92)=0,"",ROUND(AVERAGE(F92:J92),1)) -> 78.6 | L92: 9.2 | M92: × | U92: =IF(A92="","",INDEX('計算'!$Z$2:$Z$151,AF92)) -> 1 | V92: =IF(A92="","",IFERROR(IF(INDEX('②クラス編成'!$E$9:$E$158,MATCH(A92,'②クラス編成'!$D$9:$D$158,0))="","未",INDEX('②クラス編成'!$E$9:$E$158,MATCH(A92,'②クラス編成'!$D$9:$D$158,0))),"未")) -> 1 | W92: =IF(A92="","",A92&" "&C92) -> 2319 坂本 結菜 | X92: =IF(A92="","",IF(E92="男",1,IF(E92="女",2,3))) -> 2 | Y92: =IF(OR(M92="〇",M92="○",M92="◯"),1,0) -> 0 | Z92: =IF(OR(N92="〇",N92="○",N92="◯"),1,0) -> 0 | AA92: =IF(OR(O92="〇",O92="○",O92="◯"),1,0) -> 0 | AB92: =IF(OR(P92="〇",P92="○",P92="◯"),1,0) -> 0 | AC92: =IF(A92="","",IF(AA92=1,1,IF(Y92=1,2,IF(Z92=1,3,IF(AB92=1,4,5))))) -> 5 | AD92: =IF(A92="","",IF(K92="",'設定'!$C$37,K92)) -> 78.6 | AE92: =IF(A92="","",AC92*10000000-ROUND(ABS((AD92-'設定'!$C$37)/'設定'!$C$38)*10000,0)) -> 49987968 | AF92: =IF(A92="","",COUNTIF($AE$4:$AE$153,"<"&AE92)+COUNTIFS($AE$4:$AE$153,AE92,$A$4:$A$153,"<"&A92)+1) -> 43 | AG92: =IF(Q92="","",IFERROR(VALUE(LEFT(Q92,FIND(" ",Q92&" ")-1)),IFERROR(INDEX($A$4:$A$153,MATCH(Q92,$C$4:$C$153,0)),""))) | AH92: =IF(R92="","",IFERROR(VALUE(LEFT(R92,FIND(" ",R92&" ")-1)),IFERROR(INDEX($A$4:$A$153,MATCH(R92,$C$4:$C$153,0)),""))) | AI92: =IF(S92="","",IFERROR(VALUE(LEFT(S92,FIND(" ",S92&" ")-1)),IFERROR(INDEX($A$4:$A$153,MATCH(S92,$C$4:$C$153,0)),""))) | AJ92: =IF(OR(A92="",B92=""),"",IF(COUNTIFS($B$4:B92,B92,$A$4:A92,"<>")=1,MAX($AJ$3:AJ91)+1,"")) | AK92: =IF(OR(A92="",NOT(ISNUMBER(L92))),"",L92^2) -> 84.64 | AL92: =IF(OR(A92="",NOT(ISNUMBER(L92))),0,(L92-INDEX('計算'!$AE$7:$AG$7,X92))/INDEX('計算'!$AE$8:$AG$8,X92)) -> 0.5490932
A93: 2320 | B93: 3 | C93: 佐々木 誠 | D93: ささき まこと | E93: 男 | F93: 64 | G93: 58 | H93: 60 | I93: 72 | J93: 56 | K93: =IF(COUNT(F93:J93)=0,"",ROUND(AVERAGE(F93:J93),1)) -> 62 | L93: 7.2 | M93: × | U93: =IF(A93="","",INDEX('計算'!$Z$2:$Z$151,AF93)) -> 2 | V93: =IF(A93="","",IFERROR(IF(INDEX('②クラス編成'!$E$9:$E$158,MATCH(A93,'②クラス編成'!$D$9:$D$158,0))="","未",INDEX('②クラス編成'!$E$9:$E$158,MATCH(A93,'②クラス編成'!$D$9:$D$158,0))),"未")) -> 2 | W93: =IF(A93="","",A93&" "&C93) -> 2320 佐々木 誠 | X93: =IF(A93="","",IF(E93="男",1,IF(E93="女",2,3))) -> 1 | Y93: =IF(OR(M93="〇",M93="○",M93="◯"),1,0) -> 0 | Z93: =IF(OR(N93="〇",N93="○",N93="◯"),1,0) -> 0 | AA93: =IF(OR(O93="〇",O93="○",O93="◯"),1,0) -> 0 | AB93: =IF(OR(P93="〇",P93="○",P93="◯"),1,0) -> 0 | AC93: =IF(A93="","",IF(AA93=1,1,IF(Y93=1,2,IF(Z93=1,3,IF(AB93=1,4,5))))) -> 5 | AD93: =IF(A93="","",IF(K93="",'設定'!$C$37,K93)) -> 62 | AE93: =IF(A93="","",AC93*10000000-ROUND(ABS((AD93-'設定'!$C$37)/'設定'!$C$38)*10000,0)) -> 49999636 | AF93: =IF(A93="","",COUNTIF($AE$4:$AE$153,"<"&AE93)+COUNTIFS($AE$4:$AE$153,AE93,$A$4:$A$153,"<"&A93)+1) -> 102 | AG93: =IF(Q93="","",IFERROR(VALUE(LEFT(Q93,FIND(" ",Q93&" ")-1)),IFERROR(INDEX($A$4:$A$153,MATCH(Q93,$C$4:$C$153,0)),""))) | AH93: =IF(R93="","",IFERROR(VALUE(LEFT(R93,FIND(" ",R93&" ")-1)),IFERROR(INDEX($A$4:$A$153,MATCH(R93,$C$4:$C$153,0)),""))) | AI93: =IF(S93="","",IFERROR(VALUE(LEFT(S93,FIND(" ",S93&" ")-1)),IFERROR(INDEX($A$4:$A$153,MATCH(S93,$C$4:$C$153,0)),""))) | AJ93: =IF(OR(A93="",B93=""),"",IF(COUNTIFS($B$4:B93,B93,$A$4:A93,"<>")=1,MAX($AJ$3:AJ92)+1,"")) | AK93: =IF(OR(A93="",NOT(ISNUMBER(L93))),"",L93^2) -> 51.84 | AL93: =IF(OR(A93="",NOT(ISNUMBER(L93))),0,(L93-INDEX('計算'!$AE$7:$AG$7,X93))/INDEX('計算'!$AE$8:$AG$8,X93)) -> -1.1168716
A94: 2321 | B94: 3 | C94: 佐藤 結衣 | D94: さとう ゆい | E94: 女 | F94: 72 | G94: 69 | H94: 55 | I94: 69 | J94: 64 | K94: =IF(COUNT(F94:J94)=0,"",ROUND(AVERAGE(F94:J94),1)) -> 65.8 | L94: 9.5 | M94: × | U94: =IF(A94="","",INDEX('計算'!$Z$2:$Z$151,AF94)) -> 2 | V94: =IF(A94="","",IFERROR(IF(INDEX('②クラス編成'!$E$9:$E$158,MATCH(A94,'②クラス編成'!$D$9:$D$158,0))="","未",INDEX('②クラス編成'!$E$9:$E$158,MATCH(A94,'②クラス編成'!$D$9:$D$158,0))),"未")) -> 2 | W94: =IF(A94="","",A94&" "&C94) -> 2321 佐藤 結衣 | X94: =IF(A94="","",IF(E94="男",1,IF(E94="女",2,3))) -> 2 | Y94: =IF(OR(M94="〇",M94="○",M94="◯"),1,0) -> 0 | Z94: =IF(OR(N94="〇",N94="○",N94="◯"),1,0) -> 0 | AA94: =IF(OR(O94="〇",O94="○",O94="◯"),1,0) -> 0 | AB94: =IF(OR(P94="〇",P94="○",P94="◯"),1,0) -> 0 | AC94: =IF(A94="","",IF(AA94=1,1,IF(Y94=1,2,IF(Z94=1,3,IF(AB94=1,4,5))))) -> 5 | AD94: =IF(A94="","",IF(K94="",'設定'!$C$37,K94)) -> 65.8 | AE94: =IF(A94="","",AC94*10000000-ROUND(ABS((AD94-'設定'!$C$37)/'設定'!$C$38)*10000,0)) -> 49997526 | AF94: =IF(A94="","",COUNTIF($AE$4:$AE$153,"<"&AE94)+COUNTIFS($AE$4:$AE$153,AE94,$A$4:$A$153,"<"&A94)+1) -> 91 | AG94: =IF(Q94="","",IFERROR(VALUE(LEFT(Q94,FIND(" ",Q94&" ")-1)),IFERROR(INDEX($A$4:$A$153,MATCH(Q94,$C$4:$C$153,0)),""))) | AH94: =IF(R94="","",IFERROR(VALUE(LEFT(R94,FIND(" ",R94&" ")-1)),IFERROR(INDEX($A$4:$A$153,MATCH(R94,$C$4:$C$153,0)),""))) | AI94: =IF(S94="","",IFERROR(VALUE(LEFT(S94,FIND(" ",S94&" ")-1)),IFERROR(INDEX($A$4:$A$153,MATCH(S94,$C$4:$C$153,0)),""))) | AJ94: =IF(OR(A94="",B94=""),"",IF(COUNTIFS($B$4:B94,B94,$A$4:A94,"<>")=1,MAX($AJ$3:AJ93)+1,"")) | AK94: =IF(OR(A94="",NOT(ISNUMBER(L94))),"",L94^2) -> 90.25 | AL94: =IF(OR(A94="",NOT(ISNUMBER(L94))),0,(L94-INDEX('計算'!$AE$7:$AG$7,X94))/INDEX('計算'!$AE$8:$AG$8,X94)) -> 1.0403871
A95: 2322 | B95: 3 | C95: 鈴木 陽葵 | D95: すずき ひまり | E95: 女 | F95: 75 | G95: 95 | H95: 80 | I95: 71 | J95: 83 | K95: =IF(COUNT(F95:J95)=0,"",ROUND(AVERAGE(F95:J95),1)) -> 80.8 | L95: 9.5 | M95: × | O95: 〇 | U95: =IF(A95="","",INDEX('計算'!$Z$2:$Z$151,AF95)) -> 2 | V95: =IF(A95="","",IFERROR(IF(INDEX('②クラス編成'!$E$9:$E$158,MATCH(A95,'②クラス編成'!$D$9:$D$158,0))="","未",INDEX('②クラス編成'!$E$9:$E$158,MATCH(A95,'②クラス編成'!$D$9:$D$158,0))),"未")) -> 2 | W95: =IF(A95="","",A95&" "&C95) -> 2322 鈴木 陽葵 | X95: =IF(A95="","",IF(E95="男",1,IF(E95="女",2,3))) -> 2 | Y95: =IF(OR(M95="〇",M95="○",M95="◯"),1,0) -> 0 | Z95: =IF(OR(N95="〇",N95="○",N95="◯"),1,0) -> 0 | AA95: =IF(OR(O95="〇",O95="○",O95="◯"),1,0) -> 1 | AB95: =IF(OR(P95="〇",P95="○",P95="◯"),1,0) -> 0 | AC95: =IF(A95="","",IF(AA95=1,1,IF(Y95=1,2,IF(Z95=1,3,IF(AB95=1,4,5))))) -> 1 | AD95: =IF(A95="","",IF(K95="",'設定'!$C$37,K95)) -> 80.8 | AE95: =IF(A95="","",AC95*10000000-ROUND(ABS((AD95-'設定'!$C$37)/'設定'!$C$38)*10000,0)) -> 9986325 | AF95: =IF(A95="","",COUNTIF($AE$4:$AE$153,"<"&AE95)+COUNTIFS($AE$4:$AE$153,AE95,$A$4:$A$153,"<"&A95)+1) -> 2 | AG95: =IF(Q95="","",IFERROR(VALUE(LEFT(Q95,FIND(" ",Q95&" ")-1)),IFERROR(INDEX($A$4:$A$153,MATCH(Q95,$C$4:$C$153,0)),""))) | AH95: =IF(R95="","",IFERROR(VALUE(LEFT(R95,FIND(" ",R95&" ")-1)),IFERROR(INDEX($A$4:$A$153,MATCH(R95,$C$4:$C$153,0)),""))) | AI95: =IF(S95="","",IFERROR(VALUE(LEFT(S95,FIND(" ",S95&" ")-1)),IFERROR(INDEX($A$4:$A$153,MATCH(S95,$C$4:$C$153,0)),""))) | AJ95: =IF(OR(A95="",B95=""),"",IF(COUNTIFS($B$4:B95,B95,$A$4:A95,"<>")=1,MAX($AJ$3:AJ94)+1,"")) | AK95: =IF(OR(A95="",NOT(ISNUMBER(L95))),"",L95^2) -> 90.25 | AL95: =IF(OR(A95="",NOT(ISNUMBER(L95))),0,(L95-INDEX('計算'!$AE$7:$AG$7,X95))/INDEX('計算'!$AE$8:$AG$8,X95)) -> 1.0403871
A96: 2323 | B96: 3 | C96: 副島 美羽 | D96: そえじま みう | E96: 女 | F96: 77 | G96: 100 | H96: 85 | I96: 84 | J96: 76 | K96: =IF(COUNT(F96:J96)=0,"",ROUND(AVERAGE(F96:J96),1)) -> 84.4 | L96: 8.5 | M96: × | U96: =IF(A96="","",INDEX('計算'!$Z$2:$Z$151,AF96)) -> 2 | V96: =IF(A96="","",IFERROR(IF(INDEX('②クラス編成'!$E$9:$E$158,MATCH(A96,'②クラス編成'!$D$9:$D$158,0))="","未",INDEX('②クラス編成'!$E$9:$E$158,MATCH(A96,'②クラス編成'!$D$9:$D$158,0))),"未")) -> 2 | W96: =IF(A96="","",A96&" "&C96) -> 2323 副島 美羽 | X96: =IF(A96="","",IF(E96="男",1,IF(E96="女",2,3))) -> 2 | Y96: =IF(OR(M96="〇",M96="○",M96="◯"),1,0) -> 0 | Z96: =IF(OR(N96="〇",N96="○",N96="◯"),1,0) -> 0 | AA96: =IF(OR(O96="〇",O96="○",O96="◯"),1,0) -> 0 | AB96: =IF(OR(P96="〇",P96="○",P96="◯"),1,0) -> 0 | AC96: =IF(A96="","",IF(AA96=1,1,IF(Y96=1,2,IF(Z96=1,3,IF(AB96=1,4,5))))) -> 5 | AD96: =IF(A96="","",IF(K96="",'設定'!$C$37,K96)) -> 84.4 | AE96: =IF(A96="","",AC96*10000000-ROUND(ABS((AD96-'設定'!$C$37)/'設定'!$C$38)*10000,0)) -> 49983636 | AF96: =IF(A96="","",COUNTIF($AE$4:$AE$153,"<"&AE96)+COUNTIFS($AE$4:$AE$153,AE96,$A$4:$A$153,"<"&A96)+1) -> 32 | AG96: =IF(Q96="","",IFERROR(VALUE(LEFT(Q96,FIND(" ",Q96&" ")-1)),IFERROR(INDEX($A$4:$A$153,MATCH(Q96,$C$4:$C$153,0)),""))) | AH96: =IF(R96="","",IFERROR(VALUE(LEFT(R96,FIND(" ",R96&" ")-1)),IFERROR(INDEX($A$4:$A$153,MATCH(R96,$C$4:$C$153,0)),""))) | AI96: =IF(S96="","",IFERROR(VALUE(LEFT(S96,FIND(" ",S96&" ")-1)),IFERROR(INDEX($A$4:$A$153,MATCH(S96,$C$4:$C$153,0)),""))) | AJ96: =IF(OR(A96="",B96=""),"",IF(COUNTIFS($B$4:B96,B96,$A$4:A96,"<>")=1,MAX($AJ$3:AJ95)+1,"")) | AK96: =IF(OR(A96="",NOT(ISNUMBER(L96))),"",L96^2) -> 72.25 | AL96: =IF(OR(A96="",NOT(ISNUMBER(L96))),0,(L96-INDEX('計算'!$AE$7:$AG$7,X96))/INDEX('計算'!$AE$8:$AG$8,X96)) -> -0.59725927
A97: 2324 | B97: 3 | C97: 西村 結菜 | D97: にしむら ゆな | E97: 女 | F97: 51 | G97: 52 | H97: 51 | I97: 56 | J97: 43 | K97: =IF(COUNT(F97:J97)=0,"",ROUND(AVERAGE(F97:J97),1)) -> 50.6 | L97: 8.4 | M97: × | U97: =IF(A97="","",INDEX('計算'!$Z$2:$Z$151,AF97)) -> 3 | V97: =IF(A97="","",IFERROR(IF(INDEX('②クラス編成'!$E$9:$E$158,MATCH(A97,'②クラス編成'!$D$9:$D$158,0))="","未",INDEX('②クラス編成'!$E$9:$E$158,MATCH(A97,'②クラス編成'!$D$9:$D$158,0))),"未")) -> 3 | W97: =IF(A97="","",A97&" "&C97) -> 2324 西村 結菜 | X97: =IF(A97="","",IF(E97="男",1,IF(E97="女",2,3))) -> 2 | Y97: =IF(OR(M97="〇",M97="○",M97="◯"),1,0) -> 0 | Z97: =IF(OR(N97="〇",N97="○",N97="◯"),1,0) -> 0 | AA97: =IF(OR(O97="〇",O97="○",O97="◯"),1,0) -> 0 | AB97: =IF(OR(P97="〇",P97="○",P97="◯"),1,0) -> 0 | AC97: =IF(A97="","",IF(AA97=1,1,IF(Y97=1,2,IF(Z97=1,3,IF(AB97=1,4,5))))) -> 5 | AD97: =IF(A97="","",IF(K97="",'設定'!$C$37,K97)) -> 50.6 | AE97: =IF(A97="","",AC97*10000000-ROUND(ABS((AD97-'設定'!$C$37)/'設定'!$C$38)*10000,0)) -> 49991123 | AF97: =IF(A97="","",COUNTIF($AE$4:$AE$153,"<"&AE97)+COUNTIFS($AE$4:$AE$153,AE97,$A$4:$A$153,"<"&A97)+1) -> 63 | AG97: =IF(Q97="","",IFERROR(VALUE(LEFT(Q97,FIND(" ",Q97&" ")-1)),IFERROR(INDEX($A$4:$A$153,MATCH(Q97,$C$4:$C$153,0)),""))) | AH97: =IF(R97="","",IFERROR(VALUE(LEFT(R97,FIND(" ",R97&" ")-1)),IFERROR(INDEX($A$4:$A$153,MATCH(R97,$C$4:$C$153,0)),""))) | AI97: =IF(S97="","",IFERROR(VALUE(LEFT(S97,FIND(" ",S97&" ")-1)),IFERROR(INDEX($A$4:$A$153,MATCH(S97,$C$4:$C$153,0)),""))) | AJ97: =IF(OR(A97="",B97=""),"",IF(COUNTIFS($B$4:B97,B97,$A$4:A97,"<>")=1,MAX($AJ$3:AJ96)+1,"")) | AK97: =IF(OR(A97="",NOT(ISNUMBER(L97))),"",L97^2) -> 70.56 | AL97: =IF(OR(A97="",NOT(ISNUMBER(L97))),0,(L97-INDEX('計算'!$AE$7:$AG$7,X97))/INDEX('計算'!$AE$8:$AG$8,X97)) -> -0.76102391
A98: 2325 | B98: 3 | C98: 西村 理沙 | D98: にしむら りさ | E98: 女 | F98: 46 | G98: 53 | H98: 46 | I98: 46 | J98: 51 | K98: =IF(COUNT(F98:J98)=0,"",ROUND(AVERAGE(F98:J98),1)) -> 48.4 | L98: 9.7 | M98: × | N98: 〇 | Q98: 2323 副島 美羽 | T98: 部活：陸上 | U98: =IF(A98="","",INDEX('計算'!$Z$2:$Z$151,AF98)) -> 3 | V98: =IF(A98="","",IFERROR(IF(INDEX('②クラス編成'!$E$9:$E$158,MATCH(A98,'②クラス編成'!$D$9:$D$158,0))="","未",INDEX('②クラス編成'!$E$9:$E$158,MATCH(A98,'②クラス編成'!$D$9:$D$158,0))),"未")) -> 3 | W98: =IF(A98="","",A98&" "&C98) -> 2325 西村 理沙 | X98: =IF(A98="","",IF(E98="男",1,IF(E98="女",2,3))) -> 2 | Y98: =IF(OR(M98="〇",M98="○",M98="◯"),1,0) -> 0 | Z98: =IF(OR(N98="〇",N98="○",N98="◯"),1,0) -> 1 | AA98: =IF(OR(O98="〇",O98="○",O98="◯"),1,0) -> 0 | AB98: =IF(OR(P98="〇",P98="○",P98="◯"),1,0) -> 0 | AC98: =IF(A98="","",IF(AA98=1,1,IF(Y98=1,2,IF(Z98=1,3,IF(AB98=1,4,5))))) -> 3 | AD98: =IF(A98="","",IF(K98="",'設定'!$C$37,K98)) -> 48.4 | AE98: =IF(A98="","",AC98*10000000-ROUND(ABS((AD98-'設定'!$C$37)/'設定'!$C$38)*10000,0)) -> 29989480 | AF98: =IF(A98="","",COUNTIF($AE$4:$AE$153,"<"&AE98)+COUNTIFS($AE$4:$AE$153,AE98,$A$4:$A$153,"<"&A98)+1) -> 18 | AG98: =IF(Q98="","",IFERROR(VALUE(LEFT(Q98,FIND(" ",Q98&" ")-1)),IFERROR(INDEX($A$4:$A$153,MATCH(Q98,$C$4:$C$153,0)),""))) -> 2323 | AH98: =IF(R98="","",IFERROR(VALUE(LEFT(R98,FIND(" ",R98&" ")-1)),IFERROR(INDEX($A$4:$A$153,MATCH(R98,$C$4:$C$153,0)),""))) | AI98: =IF(S98="","",IFERROR(VALUE(LEFT(S98,FIND(" ",S98&" ")-1)),IFERROR(INDEX($A$4:$A$153,MATCH(S98,$C$4:$C$153,0)),""))) | AJ98: =IF(OR(A98="",B98=""),"",IF(COUNTIFS($B$4:B98,B98,$A$4:A98,"<>")=1,MAX($AJ$3:AJ97)+1,"")) | AK98: =IF(OR(A98="",NOT(ISNUMBER(L98))),"",L98^2) -> 94.09 | AL98: =IF(OR(A98="",NOT(ISNUMBER(L98))),0,(L98-INDEX('計算'!$AE$7:$AG$7,X98))/INDEX('計算'!$AE$8:$AG$8,X98)) -> 1.3679164
A99: 2326 | B99: 3 | C99: 野中 理沙 | D99: のなか りさ | E99: 女 | F99: 42 | G99: 50 | H99: 64 | I99: 55 | J99: 55 | K99: =IF(COUNT(F99:J99)=0,"",ROUND(AVERAGE(F99:J99),1)) -> 53.2 | L99: 7.9 | M99: × | U99: =IF(A99="","",INDEX('計算'!$Z$2:$Z$151,AF99)) -> 3 | V99: =IF(A99="","",IFERROR(IF(INDEX('②クラス編成'!$E$9:$E$158,MATCH(A99,'②クラス編成'!$D$9:$D$158,0))="","未",INDEX('②クラス編成'!$E$9:$E$158,MATCH(A99,'②クラス編成'!$D$9:$D$158,0))),"未")) -> 3 | W99: =IF(A99="","",A99&" "&C99) -> 2326 野中 理沙 | X99: =IF(A99="","",IF(E99="男",1,IF(E99="女",2,3))) -> 2 | Y99: =IF(OR(M99="〇",M99="○",M99="◯"),1,0) -> 0 | Z99: =IF(OR(N99="〇",N99="○",N99="◯"),1,0) -> 0 | AA99: =IF(OR(O99="〇",O99="○",O99="◯"),1,0) -> 0 | AB99: =IF(OR(P99="〇",P99="○",P99="◯"),1,0) -> 0 | AC99: =IF(A99="","",IF(AA99=1,1,IF(Y99=1,2,IF(Z99=1,3,IF(AB99=1,4,5))))) -> 5 | AD99: =IF(A99="","",IF(K99="",'設定'!$C$37,K99)) -> 53.2 | AE99: =IF(A99="","",AC99*10000000-ROUND(ABS((AD99-'設定'!$C$37)/'設定'!$C$38)*10000,0)) -> 49993064 | AF99: =IF(A99="","",COUNTIF($AE$4:$AE$153,"<"&AE99)+COUNTIFS($AE$4:$AE$153,AE99,$A$4:$A$153,"<"&A99)+1) -> 75 | AG99: =IF(Q99="","",IFERROR(VALUE(LEFT(Q99,FIND(" ",Q99&" ")-1)),IFERROR(INDEX($A$4:$A$153,MATCH(Q99,$C$4:$C$153,0)),""))) | AH99: =IF(R99="","",IFERROR(VALUE(LEFT(R99,FIND(" ",R99&" ")-1)),IFERROR(INDEX($A$4:$A$153,MATCH(R99,$C$4:$C$153,0)),""))) | AI99: =IF(S99="","",IFERROR(VALUE(LEFT(S99,FIND(" ",S99&" ")-1)),IFERROR(INDEX($A$4:$A$153,MATCH(S99,$C$4:$C$153,0)),""))) | AJ99: =IF(OR(A99="",B99=""),"",IF(COUNTIFS($B$4:B99,B99,$A$4:A99,"<>")=1,MAX($AJ$3:AJ98)+1,"")) | AK99: =IF(OR(A99="",NOT(ISNUMBER(L99))),"",L99^2) -> 62.41 | AL99: =IF(OR(A99="",NOT(ISNUMBER(L99))),0,(L99-INDEX('計算'!$AE$7:$AG$7,X99))/INDEX('計算'!$AE$8:$AG$8,X99)) -> -1.5798471
A100: 2327 | B100: 3 | C100: 橋本 芽依 | D100: はしもと めい | E100: 女 | F100: 75 | G100: 55 | H100: 63 | I100: 61 | J100: 76 | K100: =IF(COUNT(F100:J100)=0,"",ROUND(AVERAGE(F100:J100),1)) -> 66 | L100: 9 | M100: 〇 | U100: =IF(A100="","",INDEX('計算'!$Z$2:$Z$151,AF100)) -> 2 | V100: =IF(A100="","",IFERROR(IF(INDEX('②クラス編成'!$E$9:$E$158,MATCH(A100,'②クラス編成'!$D$9:$D$158,0))="","未",INDEX('②クラス編成'!$E$9:$E$158,MATCH(A100,'②クラス編成'!$D$9:$D$158,0))),"未")) -> 2 | W100: =IF(A100="","",A100&" "&C100) -> 2327 橋本 芽依 | X100: =IF(A100="","",IF(E100="男",1,IF(E100="女",2,3))) -> 2 | Y100: =IF(OR(M100="〇",M100="○",M100="◯"),1,0) -> 1 | Z100: =IF(OR(N100="〇",N100="○",N100="◯"),1,0) -> 0 | AA100: =IF(OR(O100="〇",O100="○",O100="◯"),1,0) -> 0 | AB100: =IF(OR(P100="〇",P100="○",P100="◯"),1,0) -> 0 | AC100: =IF(A100="","",IF(AA100=1,1,IF(Y100=1,2,IF(Z100=1,3,IF(AB100=1,4,5))))) -> 2 | AD100: =IF(A100="","",IF(K100="",'設定'!$C$37,K100)) -> 66 | AE100: =IF(A100="","",AC100*10000000-ROUND(ABS((AD100-'設定'!$C$37)/'設定'!$C$38)*10000,0)) -> 19997377 | AF100: =IF(A100="","",COUNTIF($AE$4:$AE$153,"<"&AE100)+COUNTIFS($AE$4:$AE$153,AE100,$A$4:$A$153,"<"&A100)+1) -> 14 | AG100: =IF(Q100="","",IFERROR(VALUE(LEFT(Q100,FIND(" ",Q100&" ")-1)),IFERROR(INDEX($A$4:$A$153,MATCH(Q100,$C$4:$C$153,0)),""))) | AH100: =IF(R100="","",IFERROR(VALUE(LEFT(R100,FIND(" ",R100&" ")-1)),IFERROR(INDEX($A$4:$A$153,MATCH(R100,$C$4:$C$153,0)),""))) | AI100: =IF(S100="","",IFERROR(VALUE(LEFT(S100,FIND(" ",S100&" ")-1)),IFERROR(INDEX($A$4:$A$153,MATCH(S100,$C$4:$C$153,0)),""))) | AJ100: =IF(OR(A100="",B100=""),"",IF(COUNTIFS($B$4:B100,B100,$A$4:A100,"<>")=1,MAX($AJ$3:AJ99)+1,"")) | AK100: =IF(OR(A100="",NOT(ISNUMBER(L100))),"",L100^2) -> 81 | AL100: =IF(OR(A100="",NOT(ISNUMBER(L100))),0,(L100-INDEX('計算'!$AE$7:$AG$7,X100))/INDEX('計算'!$AE$8:$AG$8,X100)) -> 0.22156392
...

Sheet ②クラス編成
A1: ② クラス編成（ここが「決定したクラス」です）
A2: 手順1：A〜B列（自動案）を選んでコピー → D9 を右クリック →［貼り付けのオプション］の「値」で貼り付け（マクロを入れた場合は［自動案を貼り付け］ボタンでもOK）
A3: 手順2：E列（組）の数字は直接書き換えてOK。入れ替えは③の画面か、ここで2人の行を Ctrl＋クリックして［選んだ2人を入替］。赤い行＝分けたい人と同じ組
A4: ="名簿 "&'設定'!$C$39&"人 ／ 編成済み "&'設定'!$C$40&"人 ／ 未割当 "&'設定'!$C$41&"人"&IF('設定'!$C$45>0," ／ ⚠ 番号や組の入力に問題が "&'設定'!$C$45&" 件（①②の色のついたセルを確認）","") -> 名簿 105人 ／ 編成済み 105人 ／ 未割当 0人
A5: ▼ マクロを入れると、右にボタンが出ます
A7: 自動案（コピー元） | D7: 決定欄：D列＝番号・E列＝組 に「値」で貼り付け（E列は直接書き換えOK）
A8: 番号 | B8: 自動案 | D8: 番号 | E8: 組 | F8: 氏名 | G8: 性別 | H8: 旧クラス | I8: 5教科 平均 | J8: 50m | K8: ピアノ | L8: ムード | M8: 注意 | N8: 休み がち | O8: 分けたい相手（いまの組） | P8: ⚠ 同じ組にいる分けたい相手 | Q8: 備考 | S8: 名簿行 | T8: 分けたいID① | U8: 分けたいID② | V8: 分けたいID③ | W8: 相手①の組 | X8: 相手②の組 | Y8: 相手③の組 | Z8: 同組① | AA8: 同組② | AB8: 同組③ | AC8: 逆キー① | AD8: 逆キー② | AE8: 逆キー③ | AF8: 逆の件数 | AG8: 重なり合計 | AH8: 逆の行① | AI8: 逆の行② | AJ8: 逆の行③ | AK8: 同組名(自分から) | AL8: 同組名(相手から) | AM8: 相手①表示 | AN8: 相手②表示 | AO8: 相手③表示 | AP8: 性別ｺｰﾄﾞ | AQ8: 並びキー | AR8: 組内の順 | AS8: 一覧キー | AT8: 国 | AU8: 数 | AV8: 英 | AW8: 理 | AX8: 社
A9: =IF('①名簿入力'!A4="","",'①名簿入力'!A4) -> 2101 | B9: =IF(A9="","",'①名簿入力'!U4) -> 1 | D9: 2101 | E9: 1 | F9: =IF(D9="","",IF(S9="","（名簿にない番号）",INDEX('①名簿入力'!$C$4:$C$153,S9)&"")) -> 青木 花音 | G9: =IF(S9="","",INDEX('①名簿入力'!$E$4:$E$153,S9)&"") -> 女 | H9: =IF(S9="","",IF(INDEX('①名簿入力'!$B$4:$B$153,S9)="","",INDEX('①名簿入力'!$B$4:$B$153,S9))) -> 1 | I9: =IF(S9="","",IF(INDEX('①名簿入力'!$K$4:$K$153,S9)="","",INDEX('①名簿入力'!$K$4:$K$153,S9))) -> 55 | J9: =IF(S9="","",IF(INDEX('①名簿入力'!$L$4:$L$153,S9)="","",INDEX('①名簿入力'!$L$4:$L$153,S9))) -> 8.9 | K9: =IF(S9="","",IF(INDEX('①名簿入力'!$Y$4:$Y$153,S9)=1,"〇","")) | L9: =IF(S9="","",IF(INDEX('①名簿入力'!$Z$4:$Z$153,S9)=1,"〇","")) | M9: =IF(S9="","",IF(INDEX('①名簿入力'!$AA$4:$AA$153,S9)=1,"〇","")) | N9: =IF(S9="","",IF(INDEX('①名簿入力'!$AB$4:$AB$153,S9)=1,"〇","")) | O9: =AM9&IF(AND(AM9<>"",AN9<>""),"、","")&AN9&IF(AND(AM9&AN9<>"",AO9<>""),"、","")&AO9 | P9: =IF(AG9=0,"",IF(AK9&AL9="","⚠",LEFT(AK9&AL9,LEN(AK9&AL9)-1))) | Q9: =IF(S9="","",INDEX('①名簿入力'!$T$4:$T$153,S9)&"") | S9: =IF(D9="","",IFERROR(MATCH(D9,'①名簿入力'!$A$4:$A$153,0),"")) -> 1 | T9: =IF(S9="","",IF(INDEX('①名簿入力'!$AG$4:$AG$153,S9)=D9,"",INDEX('①名簿入力'!$AG$4:$AG$153,S9))) | U9: =IF(S9="","",IF(INDEX('①名簿入力'!$AH$4:$AH$153,S9)=D9,"",INDEX('①名簿入力'!$AH$4:$AH$153,S9))) | V9: =IF(S9="","",IF(INDEX('①名簿入力'!$AI$4:$AI$153,S9)=D9,"",INDEX('①名簿入力'!$AI$4:$AI$153,S9))) | W9: =IF(T9="","",IFERROR(IF(INDEX($E$9:$E$158,MATCH(T9,$D$9:$D$158,0))="","",INDEX($E$9:$E$158,MATCH(T9,$D$9:$D$158,0))),"")) | X9: =IF(U9="","",IFERROR(IF(INDEX($E$9:$E$158,MATCH(U9,$D$9:$D$158,0))="","",INDEX($E$9:$E$158,MATCH(U9,$D$9:$D$158,0))),"")) | Y9: =IF(V9="","",IFERROR(IF(INDEX($E$9:$E$158,MATCH(V9,$D$9:$D$158,0))="","",INDEX($E$9:$E$158,MATCH(V9,$D$9:$D$158,0))),"")) | Z9: =IF(AND(T9<>"",W9<>"",E9<>""),IF(W9=E9,1,0),0) -> 0 | AA9: =IF(AND(U9<>"",X9<>"",E9<>""),IF(X9=E9,1,0),0) -> 0 | AB9: =IF(AND(V9<>"",Y9<>"",E9<>""),IF(Y9=E9,1,0),0) -> 0 | AC9: =IF(OR(T9="",E9=""),"",T9&"|"&E9) | AD9: =IF(OR(U9="",E9=""),"",U9&"|"&E9) | AE9: =IF(OR(V9="",E9=""),"",V9&"|"&E9) | AF9: =IF(OR(D9="",E9=""),0,COUNTIF($AC$9:$AC$158,D9&"|"&E9)+COUNTIF($AD$9:$AD$158,D9&"|"&E9)+COUNTIF($AE$9:$AE$158,D9&"|"&E9)) -> 0 | AG9: =Z9+AA9+AB9+AF9 -> 0 | AH9: =IF(OR(D9="",E9=""),"",IFERROR(MATCH(D9&"|"&E9,$AC$9:$AC$158,0),"")) | AI9: =IF(OR(D9="",E9=""),"",IFERROR(MATCH(D9&"|"&E9,$AD$9:$AD$158,0),"")) | AJ9: =IF(OR(D9="",E9=""),"",IFERROR(MATCH(D9&"|"&E9,$AE$9:$AE$158,0),"")) | AK9: =IF(Z9=1,IFERROR(INDEX($F$9:$F$158,MATCH(T9,$D$9:$D$158,0)),"")&"、","")&IF(AA9=1,IFERROR(INDEX($F$9:$F$158,MATCH(U9,$D$9:$D$158,0)),"")&"、","")&IF(AB9=1,IFERROR(INDEX($F$9:$F$158,MATCH(V9,$D$9:$D$158,0)),"")&"、","") | AL9: =IF(OR(AH9=""),"",IF(OR(INDEX($D$9:$D$158,AH9)=T9,INDEX($D$9:$D$158,AH9)=U9,INDEX($D$9:$D$158,AH9)=V9),"",INDEX($F$9:$F$158,AH9)&"、"))&IF(OR(AI9="",AI9=AH9),"",IF(OR(INDEX($D$9:$D$158,AI9)=T9,INDEX($D$9:$D$158,AI9)=U9,INDEX($D$9:$D$158,AI9)=V9),"",INDEX($F$9:$F$158,AI9)&"、"))&IF(OR(AJ9="",AJ9=AH9,AJ9=AI9),"",IF(OR(INDEX($D$9:$D$158,AJ9)=T9,INDEX($D$9:$D$158,AJ9)=U9,INDEX($D$9:$D$158,AJ9)=V9),"",INDEX($F$9:$F$158,AJ9)&"、")) | AM9: =IF(T9="","",IFERROR(INDEX('①名簿入力'!$C$4:$C$153,MATCH(T9,'①名簿入力'!$A$4:$A$153,0)),"?")&IF(W9="","","("&W9&"組)")) | AN9: =IF(U9="","",IFERROR(INDEX('①名簿入力'!$C$4:$C$153,MATCH(U9,'①名簿入力'!$A$4:$A$153,0)),"?")&IF(X9="","","("&X9&"組)")) | AO9: =IF(V9="","",IFERROR(INDEX('①名簿入力'!$C$4:$C$153,MATCH(V9,'①名簿入力'!$A$4:$A$153,0)),"?")&IF(Y9="","","("&Y9&"組)")) | AP9: =IF(G9="男",1,IF(G9="女",2,3)) -> 2 | AQ9: =IF(OR(S9="",E9=""),"",IFERROR(IF('③クラス一覧'!$AD$6="番号順",0,AP9*1000000000)+D9,"")) -> 2000002101 | AR9: =IF(AQ9="","",COUNTIFS($E$9:$E$158,E9,$AQ$9:$AQ$158,"<"&AQ9)+1) -> 19 | AS9: =IF(AR9="","",E9&"-"&AR9) -> 1-19 | AT9: =IF(S9="","",IF(INDEX('①名簿入力'!$F$4:$F$153,S9)="","",INDEX('①名簿入力'!$F$4:$F$153,S9))) -> 48 | AU9: =IF(S9="","",IF(INDEX('①名簿入力'!$G$4:$G$153,S9)="","",INDEX('①名簿入力'!$G$4:$G$153,S9))) -> 52 | AV9: =IF(S9="","",IF(INDEX('①名簿入力'!$H$4:$H$153,S9)="","",INDEX('①名簿入力'!$H$4:$H$153,S9))) -> 57 | AW9: =IF(S9="","",IF(INDEX('①名簿入力'!$I$4:$I$153,S9)="","",INDEX('①名簿入力'!$I$4:$I$153,S9))) -> 60 | AX9: =IF(S9="","",IF(INDEX('①名簿入力'!$J$4:$J$153,S9)="","",INDEX('①名簿入力'!$J$4:$J$153,S9))) -> 58
A10: =IF('①名簿入力'!A5="","",'①名簿入力'!A5) -> 2102 | B10: =IF(A10="","",'①名簿入力'!U5) -> 3 | D10: 2102 | E10: 3 | F10: =IF(D10="","",IF(S10="","（名簿にない番号）",INDEX('①名簿入力'!$C$4:$C$153,S10)&"")) -> 阿部 陽葵 | G10: =IF(S10="","",INDEX('①名簿入力'!$E$4:$E$153,S10)&"") -> 女 | H10: =IF(S10="","",IF(INDEX('①名簿入力'!$B$4:$B$153,S10)="","",INDEX('①名簿入力'!$B$4:$B$153,S10))) -> 1 | I10: =IF(S10="","",IF(INDEX('①名簿入力'!$K$4:$K$153,S10)="","",INDEX('①名簿入力'!$K$4:$K$153,S10))) -> 34.8 | J10: =IF(S10="","",IF(INDEX('①名簿入力'!$L$4:$L$153,S10)="","",INDEX('①名簿入力'!$L$4:$L$153,S10))) -> 8.8 | K10: =IF(S10="","",IF(INDEX('①名簿入力'!$Y$4:$Y$153,S10)=1,"〇","")) | L10: =IF(S10="","",IF(INDEX('①名簿入力'!$Z$4:$Z$153,S10)=1,"〇","")) | M10: =IF(S10="","",IF(INDEX('①名簿入力'!$AA$4:$AA$153,S10)=1,"〇","")) | N10: =IF(S10="","",IF(INDEX('①名簿入力'!$AB$4:$AB$153,S10)=1,"〇","")) | O10: =AM10&IF(AND(AM10<>"",AN10<>""),"、","")&AN10&IF(AND(AM10&AN10<>"",AO10<>""),"、","")&AO10 | P10: =IF(AG10=0,"",IF(AK10&AL10="","⚠",LEFT(AK10&AL10,LEN(AK10&AL10)-1))) | Q10: =IF(S10="","",INDEX('①名簿入力'!$T$4:$T$153,S10)&"") | S10: =IF(D10="","",IFERROR(MATCH(D10,'①名簿入力'!$A$4:$A$153,0),"")) -> 2 | T10: =IF(S10="","",IF(INDEX('①名簿入力'!$AG$4:$AG$153,S10)=D10,"",INDEX('①名簿入力'!$AG$4:$AG$153,S10))) | U10: =IF(S10="","",IF(INDEX('①名簿入力'!$AH$4:$AH$153,S10)=D10,"",INDEX('①名簿入力'!$AH$4:$AH$153,S10))) | V10: =IF(S10="","",IF(INDEX('①名簿入力'!$AI$4:$AI$153,S10)=D10,"",INDEX('①名簿入力'!$AI$4:$AI$153,S10))) | W10: =IF(T10="","",IFERROR(IF(INDEX($E$9:$E$158,MATCH(T10,$D$9:$D$158,0))="","",INDEX($E$9:$E$158,MATCH(T10,$D$9:$D$158,0))),"")) | X10: =IF(U10="","",IFERROR(IF(INDEX($E$9:$E$158,MATCH(U10,$D$9:$D$158,0))="","",INDEX($E$9:$E$158,MATCH(U10,$D$9:$D$158,0))),"")) | Y10: =IF(V10="","",IFERROR(IF(INDEX($E$9:$E$158,MATCH(V10,$D$9:$D$158,0))="","",INDEX($E$9:$E$158,MATCH(V10,$D$9:$D$158,0))),"")) | Z10: =IF(AND(T10<>"",W10<>"",E10<>""),IF(W10=E10,1,0),0) -> 0 | AA10: =IF(AND(U10<>"",X10<>"",E10<>""),IF(X10=E10,1,0),0) -> 0 | AB10: =IF(AND(V10<>"",Y10<>"",E10<>""),IF(Y10=E10,1,0),0) -> 0 | AC10: =IF(OR(T10="",E10=""),"",T10&"|"&E10) | AD10: =IF(OR(U10="",E10=""),"",U10&"|"&E10) | AE10: =IF(OR(V10="",E10=""),"",V10&"|"&E10) | AF10: =IF(OR(D10="",E10=""),0,COUNTIF($AC$9:$AC$158,D10&"|"&E10)+COUNTIF($AD$9:$AD$158,D10&"|"&E10)+COUNTIF($AE$9:$AE$158,D10&"|"&E10)) -> 0 | AG10: =Z10+AA10+AB10+AF10 -> 0 | AH10: =IF(OR(D10="",E10=""),"",IFERROR(MATCH(D10&"|"&E10,$AC$9:$AC$158,0),"")) | AI10: =IF(OR(D10="",E10=""),"",IFERROR(MATCH(D10&"|"&E10,$AD$9:$AD$158,0),"")) | AJ10: =IF(OR(D10="",E10=""),"",IFERROR(MATCH(D10&"|"&E10,$AE$9:$AE$158,0),"")) | AK10: =IF(Z10=1,IFERROR(INDEX($F$9:$F$158,MATCH(T10,$D$9:$D$158,0)),"")&"、","")&IF(AA10=1,IFERROR(INDEX($F$9:$F$158,MATCH(U10,$D$9:$D$158,0)),"")&"、","")&IF(AB10=1,IFERROR(INDEX($F$9:$F$158,MATCH(V10,$D$9:$D$158,0)),"")&"、","") | AL10: =IF(OR(AH10=""),"",IF(OR(INDEX($D$9:$D$158,AH10)=T10,INDEX($D$9:$D$158,AH10)=U10,INDEX($D$9:$D$158,AH10)=V10),"",INDEX($F$9:$F$158,AH10)&"、"))&IF(OR(AI10="",AI10=AH10),"",IF(OR(INDEX($D$9:$D$158,AI10)=T10,INDEX($D$9:$D$158,AI10)=U10,INDEX($D$9:$D$158,AI10)=V10),"",INDEX($F$9:$F$158,AI10)&"、"))&IF(OR(AJ10="",AJ10=AH10,AJ10=AI10),"",IF(OR(INDEX($D$9:$D$158,AJ10)=T10,INDEX($D$9:$D$158,AJ10)=U10,INDEX($D$9:$D$158,AJ10)=V10),"",INDEX($F$9:$F$158,AJ10)&"、")) | AM10: =IF(T10="","",IFERROR(INDEX('①名簿入力'!$C$4:$C$153,MATCH(T10,'①名簿入力'!$A$4:$A$153,0)),"?")&IF(W10="","","("&W10&"組)")) | AN10: =IF(U10="","",IFERROR(INDEX('①名簿入力'!$C$4:$C$153,MATCH(U10,'①名簿入力'!$A$4:$A$153,0)),"?")&IF(X10="","","("&X10&"組)")) | AO10: =IF(V10="","",IFERROR(INDEX('①名簿入力'!$C$4:$C$153,MATCH(V10,'①名簿入力'!$A$4:$A$153,0)),"?")&IF(Y10="","","("&Y10&"組)")) | AP10: =IF(G10="男",1,IF(G10="女",2,3)) -> 2 | AQ10: =IF(OR(S10="",E10=""),"",IFERROR(IF('③クラス一覧'!$AD$6="番号順",0,AP10*1000000000)+D10,"")) -> 2000002102 | AR10: =IF(AQ10="","",COUNTIFS($E$9:$E$158,E10,$AQ$9:$AQ$158,"<"&AQ10)+1) -> 19 | AS10: =IF(AR10="","",E10&"-"&AR10) -> 3-19 | AT10: =IF(S10="","",IF(INDEX('①名簿入力'!$F$4:$F$153,S10)="","",INDEX('①名簿入力'!$F$4:$F$153,S10))) -> 35 | AU10: =IF(S10="","",IF(INDEX('①名簿入力'!$G$4:$G$153,S10)="","",INDEX('①名簿入力'!$G$4:$G$153,S10))) -> 43 | AV10: =IF(S10="","",IF(INDEX('①名簿入力'!$H$4:$H$153,S10)="","",INDEX('①名簿入力'!$H$4:$H$153,S10))) -> 28 | AW10: =IF(S10="","",IF(INDEX('①名簿入力'!$I$4:$I$153,S10)="","",INDEX('①名簿入力'!$I$4:$I$153,S10))) -> 34 | AX10: =IF(S10="","",IF(INDEX('①名簿入力'!$J$4:$J$153,S10)="","",INDEX('①名簿入力'!$J$4:$J$153,S10))) -> 34
A11: =IF('①名簿入力'!A6="","",'①名簿入力'!A6) -> 2103 | B11: =IF(A11="","",'①名簿入力'!U6) -> 2 | D11: 2103 | E11: 2 | F11: =IF(D11="","",IF(S11="","（名簿にない番号）",INDEX('①名簿入力'!$C$4:$C$153,S11)&"")) -> 阿部 優奈 | G11: =IF(S11="","",INDEX('①名簿入力'!$E$4:$E$153,S11)&"") -> 女 | H11: =IF(S11="","",IF(INDEX('①名簿入力'!$B$4:$B$153,S11)="","",INDEX('①名簿入力'!$B$4:$B$153,S11))) -> 1 | I11: =IF(S11="","",IF(INDEX('①名簿入力'!$K$4:$K$153,S11)="","",INDEX('①名簿入力'!$K$4:$K$153,S11))) -> 63.4 | J11: =IF(S11="","",IF(INDEX('①名簿入力'!$L$4:$L$153,S11)="","",INDEX('①名簿入力'!$L$4:$L$153,S11))) -> 7.4 | K11: =IF(S11="","",IF(INDEX('①名簿入力'!$Y$4:$Y$153,S11)=1,"〇","")) | L11: =IF(S11="","",IF(INDEX('①名簿入力'!$Z$4:$Z$153,S11)=1,"〇","")) | M11: =IF(S11="","",IF(INDEX('①名簿入力'!$AA$4:$AA$153,S11)=1,"〇","")) | N11: =IF(S11="","",IF(INDEX('①名簿入力'!$AB$4:$AB$153,S11)=1,"〇","")) | O11: =AM11&IF(AND(AM11<>"",AN11<>""),"、","")&AN11&IF(AND(AM11&AN11<>"",AO11<>""),"、","")&AO11 | P11: =IF(AG11=0,"",IF(AK11&AL11="","⚠",LEFT(AK11&AL11,LEN(AK11&AL11)-1))) | Q11: =IF(S11="","",INDEX('①名簿入力'!$T$4:$T$153,S11)&"") | S11: =IF(D11="","",IFERROR(MATCH(D11,'①名簿入力'!$A$4:$A$153,0),"")) -> 3 | T11: =IF(S11="","",IF(INDEX('①名簿入力'!$AG$4:$AG$153,S11)=D11,"",INDEX('①名簿入力'!$AG$4:$AG$153,S11))) | U11: =IF(S11="","",IF(INDEX('①名簿入力'!$AH$4:$AH$153,S11)=D11,"",INDEX('①名簿入力'!$AH$4:$AH$153,S11))) | V11: =IF(S11="","",IF(INDEX('①名簿入力'!$AI$4:$AI$153,S11)=D11,"",INDEX('①名簿入力'!$AI$4:$AI$153,S11))) | W11: =IF(T11="","",IFERROR(IF(INDEX($E$9:$E$158,MATCH(T11,$D$9:$D$158,0))="","",INDEX($E$9:$E$158,MATCH(T11,$D$9:$D$158,0))),"")) | X11: =IF(U11="","",IFERROR(IF(INDEX($E$9:$E$158,MATCH(U11,$D$9:$D$158,0))="","",INDEX($E$9:$E$158,MATCH(U11,$D$9:$D$158,0))),"")) | Y11: =IF(V11="","",IFERROR(IF(INDEX($E$9:$E$158,MATCH(V11,$D$9:$D$158,0))="","",INDEX($E$9:$E$158,MATCH(V11,$D$9:$D$158,0))),"")) | Z11: =IF(AND(T11<>"",W11<>"",E11<>""),IF(W11=E11,1,0),0) -> 0 | AA11: =IF(AND(U11<>"",X11<>"",E11<>""),IF(X11=E11,1,0),0) -> 0 | AB11: =IF(AND(V11<>"",Y11<>"",E11<>""),IF(Y11=E11,1,0),0) -> 0 | AC11: =IF(OR(T11="",E11=""),"",T11&"|"&E11) | AD11: =IF(OR(U11="",E11=""),"",U11&"|"&E11) | AE11: =IF(OR(V11="",E11=""),"",V11&"|"&E11) | AF11: =IF(OR(D11="",E11=""),0,COUNTIF($AC$9:$AC$158,D11&"|"&E11)+COUNTIF($AD$9:$AD$158,D11&"|"&E11)+COUNTIF($AE$9:$AE$158,D11&"|"&E11)) -> 0 | AG11: =Z11+AA11+AB11+AF11 -> 0 | AH11: =IF(OR(D11="",E11=""),"",IFERROR(MATCH(D11&"|"&E11,$AC$9:$AC$158,0),"")) | AI11: =IF(OR(D11="",E11=""),"",IFERROR(MATCH(D11&"|"&E11,$AD$9:$AD$158,0),"")) | AJ11: =IF(OR(D11="",E11=""),"",IFERROR(MATCH(D11&"|"&E11,$AE$9:$AE$158,0),"")) | AK11: =IF(Z11=1,IFERROR(INDEX($F$9:$F$158,MATCH(T11,$D$9:$D$158,0)),"")&"、","")&IF(AA11=1,IFERROR(INDEX($F$9:$F$158,MATCH(U11,$D$9:$D$158,0)),"")&"、","")&IF(AB11=1,IFERROR(INDEX($F$9:$F$158,MATCH(V11,$D$9:$D$158,0)),"")&"、","") | AL11: =IF(OR(AH11=""),"",IF(OR(INDEX($D$9:$D$158,AH11)=T11,INDEX($D$9:$D$158,AH11)=U11,INDEX($D$9:$D$158,AH11)=V11),"",INDEX($F$9:$F$158,AH11)&"、"))&IF(OR(AI11="",AI11=AH11),"",IF(OR(INDEX($D$9:$D$158,AI11)=T11,INDEX($D$9:$D$158,AI11)=U11,INDEX($D$9:$D$158,AI11)=V11),"",INDEX($F$9:$F$158,AI11)&"、"))&IF(OR(AJ11="",AJ11=AH11,AJ11=AI11),"",IF(OR(INDEX($D$9:$D$158,AJ11)=T11,INDEX($D$9:$D$158,AJ11)=U11,INDEX($D$9:$D$158,AJ11)=V11),"",INDEX($F$9:$F$158,AJ11)&"、")) | AM11: =IF(T11="","",IFERROR(INDEX('①名簿入力'!$C$4:$C$153,MATCH(T11,'①名簿入力'!$A$4:$A$153,0)),"?")&IF(W11="","","("&W11&"組)")) | AN11: =IF(U11="","",IFERROR(INDEX('①名簿入力'!$C$4:$C$153,MATCH(U11,'①名簿入力'!$A$4:$A$153,0)),"?")&IF(X11="","","("&X11&"組)")) | AO11: =IF(V11="","",IFERROR(INDEX('①名簿入力'!$C$4:$C$153,MATCH(V11,'①名簿入力'!$A$4:$A$153,0)),"?")&IF(Y11="","","("&Y11&"組)")) | AP11: =IF(G11="男",1,IF(G11="女",2,3)) -> 2 | AQ11: =IF(OR(S11="",E11=""),"",IFERROR(IF('③クラス一覧'!$AD$6="番号順",0,AP11*1000000000)+D11,"")) -> 2000002103 | AR11: =IF(AQ11="","",COUNTIFS($E$9:$E$158,E11,$AQ$9:$AQ$158,"<"&AQ11)+1) -> 19 | AS11: =IF(AR11="","",E11&"-"&AR11) -> 2-19 | AT11: =IF(S11="","",IF(INDEX('①名簿入力'!$F$4:$F$153,S11)="","",INDEX('①名簿入力'!$F$4:$F$153,S11))) -> 71 | AU11: =IF(S11="","",IF(INDEX('①名簿入力'!$G$4:$G$153,S11)="","",INDEX('①名簿入力'!$G$4:$G$153,S11))) -> 66 | AV11: =IF(S11="","",IF(INDEX('①名簿入力'!$H$4:$H$153,S11)="","",INDEX('①名簿入力'!$H$4:$H$153,S11))) -> 53 | AW11: =IF(S11="","",IF(INDEX('①名簿入力'!$I$4:$I$153,S11)="","",INDEX('①名簿入力'!$I$4:$I$153,S11))) -> 62 | AX11: =IF(S11="","",IF(INDEX('①名簿入力'!$J$4:$J$153,S11)="","",INDEX('①名簿入力'!$J$4:$J$153,S11))) -> 65
A12: =IF('①名簿入力'!A7="","",'①名簿入力'!A7) -> 2104 | B12: =IF(A12="","",'①名簿入力'!U7) -> 1 | D12: 2104 | E12: 1 | F12: =IF(D12="","",IF(S12="","（名簿にない番号）",INDEX('①名簿入力'!$C$4:$C$153,S12)&"")) -> 石井 彩花 | G12: =IF(S12="","",INDEX('①名簿入力'!$E$4:$E$153,S12)&"") -> 女 | H12: =IF(S12="","",IF(INDEX('①名簿入力'!$B$4:$B$153,S12)="","",INDEX('①名簿入力'!$B$4:$B$153,S12))) -> 1 | I12: =IF(S12="","",IF(INDEX('①名簿入力'!$K$4:$K$153,S12)="","",INDEX('①名簿入力'!$K$4:$K$153,S12))) -> 43.4 | J12: =IF(S12="","",IF(INDEX('①名簿入力'!$L$4:$L$153,S12)="","",INDEX('①名簿入力'!$L$4:$L$153,S12))) -> 9.3 | K12: =IF(S12="","",IF(INDEX('①名簿入力'!$Y$4:$Y$153,S12)=1,"〇","")) | L12: =IF(S12="","",IF(INDEX('①名簿入力'!$Z$4:$Z$153,S12)=1,"〇","")) | M12: =IF(S12="","",IF(INDEX('①名簿入力'!$AA$4:$AA$153,S12)=1,"〇","")) | N12: =IF(S12="","",IF(INDEX('①名簿入力'!$AB$4:$AB$153,S12)=1,"〇","")) | O12: =AM12&IF(AND(AM12<>"",AN12<>""),"、","")&AN12&IF(AND(AM12&AN12<>"",AO12<>""),"、","")&AO12 | P12: =IF(AG12=0,"",IF(AK12&AL12="","⚠",LEFT(AK12&AL12,LEN(AK12&AL12)-1))) | Q12: =IF(S12="","",INDEX('①名簿入力'!$T$4:$T$153,S12)&"") | S12: =IF(D12="","",IFERROR(MATCH(D12,'①名簿入力'!$A$4:$A$153,0),"")) -> 4 | T12: =IF(S12="","",IF(INDEX('①名簿入力'!$AG$4:$AG$153,S12)=D12,"",INDEX('①名簿入力'!$AG$4:$AG$153,S12))) | U12: =IF(S12="","",IF(INDEX('①名簿入力'!$AH$4:$AH$153,S12)=D12,"",INDEX('①名簿入力'!$AH$4:$AH$153,S12))) | V12: =IF(S12="","",IF(INDEX('①名簿入力'!$AI$4:$AI$153,S12)=D12,"",INDEX('①名簿入力'!$AI$4:$AI$153,S12))) | W12: =IF(T12="","",IFERROR(IF(INDEX($E$9:$E$158,MATCH(T12,$D$9:$D$158,0))="","",INDEX($E$9:$E$158,MATCH(T12,$D$9:$D$158,0))),"")) | X12: =IF(U12="","",IFERROR(IF(INDEX($E$9:$E$158,MATCH(U12,$D$9:$D$158,0))="","",INDEX($E$9:$E$158,MATCH(U12,$D$9:$D$158,0))),"")) | Y12: =IF(V12="","",IFERROR(IF(INDEX($E$9:$E$158,MATCH(V12,$D$9:$D$158,0))="","",INDEX($E$9:$E$158,MATCH(V12,$D$9:$D$158,0))),"")) | Z12: =IF(AND(T12<>"",W12<>"",E12<>""),IF(W12=E12,1,0),0) -> 0 | AA12: =IF(AND(U12<>"",X12<>"",E12<>""),IF(X12=E12,1,0),0) -> 0 | AB12: =IF(AND(V12<>"",Y12<>"",E12<>""),IF(Y12=E12,1,0),0) -> 0 | AC12: =IF(OR(T12="",E12=""),"",T12&"|"&E12) | AD12: =IF(OR(U12="",E12=""),"",U12&"|"&E12) | AE12: =IF(OR(V12="",E12=""),"",V12&"|"&E12) | AF12: =IF(OR(D12="",E12=""),0,COUNTIF($AC$9:$AC$158,D12&"|"&E12)+COUNTIF($AD$9:$AD$158,D12&"|"&E12)+COUNTIF($AE$9:$AE$158,D12&"|"&E12)) -> 0 | AG12: =Z12+AA12+AB12+AF12 -> 0 | AH12: =IF(OR(D12="",E12=""),"",IFERROR(MATCH(D12&"|"&E12,$AC$9:$AC$158,0),"")) | AI12: =IF(OR(D12="",E12=""),"",IFERROR(MATCH(D12&"|"&E12,$AD$9:$AD$158,0),"")) | AJ12: =IF(OR(D12="",E12=""),"",IFERROR(MATCH(D12&"|"&E12,$AE$9:$AE$158,0),"")) | AK12: =IF(Z12=1,IFERROR(INDEX($F$9:$F$158,MATCH(T12,$D$9:$D$158,0)),"")&"、","")&IF(AA12=1,IFERROR(INDEX($F$9:$F$158,MATCH(U12,$D$9:$D$158,0)),"")&"、","")&IF(AB12=1,IFERROR(INDEX($F$9:$F$158,MATCH(V12,$D$9:$D$158,0)),"")&"、","") | AL12: =IF(OR(AH12=""),"",IF(OR(INDEX($D$9:$D$158,AH12)=T12,INDEX($D$9:$D$158,AH12)=U12,INDEX($D$9:$D$158,AH12)=V12),"",INDEX($F$9:$F$158,AH12)&"、"))&IF(OR(AI12="",AI12=AH12),"",IF(OR(INDEX($D$9:$D$158,AI12)=T12,INDEX($D$9:$D$158,AI12)=U12,INDEX($D$9:$D$158,AI12)=V12),"",INDEX($F$9:$F$158,AI12)&"、"))&IF(OR(AJ12="",AJ12=AH12,AJ12=AI12),"",IF(OR(INDEX($D$9:$D$158,AJ12)=T12,INDEX($D$9:$D$158,AJ12)=U12,INDEX($D$9:$D$158,AJ12)=V12),"",INDEX($F$9:$F$158,AJ12)&"、")) | AM12: =IF(T12="","",IFERROR(INDEX('①名簿入力'!$C$4:$C$153,MATCH(T12,'①名簿入力'!$A$4:$A$153,0)),"?")&IF(W12="","","("&W12&"組)")) | AN12: =IF(U12="","",IFERROR(INDEX('①名簿入力'!$C$4:$C$153,MATCH(U12,'①名簿入力'!$A$4:$A$153,0)),"?")&IF(X12="","","("&X12&"組)")) | AO12: =IF(V12="","",IFERROR(INDEX('①名簿入力'!$C$4:$C$153,MATCH(V12,'①名簿入力'!$A$4:$A$153,0)),"?")&IF(Y12="","","("&Y12&"組)")) | AP12: =IF(G12="男",1,IF(G12="女",2,3)) -> 2 | AQ12: =IF(OR(S12="",E12=""),"",IFERROR(IF('③クラス一覧'!$AD$6="番号順",0,AP12*1000000000)+D12,"")) -> 2000002104 | AR12: =IF(AQ12="","",COUNTIFS($E$9:$E$158,E12,$AQ$9:$AQ$158,"<"&AQ12)+1) -> 20 | AS12: =IF(AR12="","",E12&"-"&AR12) -> 1-20 | AT12: =IF(S12="","",IF(INDEX('①名簿入力'!$F$4:$F$153,S12)="","",INDEX('①名簿入力'!$F$4:$F$153,S12))) -> 42 | AU12: =IF(S12="","",IF(INDEX('①名簿入力'!$G$4:$G$153,S12)="","",INDEX('①名簿入力'!$G$4:$G$153,S12))) -> 39 | AV12: =IF(S12="","",IF(INDEX('①名簿入力'!$H$4:$H$153,S12)="","",INDEX('①名簿入力'!$H$4:$H$153,S12))) -> 40 | AW12: =IF(S12="","",IF(INDEX('①名簿入力'!$I$4:$I$153,S12)="","",INDEX('①名簿入力'!$I$4:$I$153,S12))) -> 47 | AX12: =IF(S12="","",IF(INDEX('①名簿入力'!$J$4:$J$153,S12)="","",INDEX('①名簿入力'!$J$4:$J$153,S12))) -> 49
A13: =IF('①名簿入力'!A8="","",'①名簿入力'!A8) -> 2105 | B13: =IF(A13="","",'①名簿入力'!U8) -> 2 | D13: 2105 | E13: 2 | F13: =IF(D13="","",IF(S13="","（名簿にない番号）",INDEX('①名簿入力'!$C$4:$C$153,S13)&"")) -> 石井 駿 | G13: =IF(S13="","",INDEX('①名簿入力'!$E$4:$E$153,S13)&"") -> 男 | H13: =IF(S13="","",IF(INDEX('①名簿入力'!$B$4:$B$153,S13)="","",INDEX('①名簿入力'!$B$4:$B$153,S13))) -> 1 | I13: =IF(S13="","",IF(INDEX('①名簿入力'!$K$4:$K$153,S13)="","",INDEX('①名簿入力'!$K$4:$K$153,S13))) -> 19.4 | J13: =IF(S13="","",IF(INDEX('①名簿入力'!$L$4:$L$153,S13)="","",INDEX('①名簿入力'!$L$4:$L$153,S13))) -> 7.5 | K13: =IF(S13="","",IF(INDEX('①名簿入力'!$Y$4:$Y$153,S13)=1,"〇","")) | L13: =IF(S13="","",IF(INDEX('①名簿入力'!$Z$4:$Z$153,S13)=1,"〇","")) -> 〇 | M13: =IF(S13="","",IF(INDEX('①名簿入力'!$AA$4:$AA$153,S13)=1,"〇","")) | N13: =IF(S13="","",IF(INDEX('①名簿入力'!$AB$4:$AB$153,S13)=1,"〇","")) | O13: =AM13&IF(AND(AM13<>"",AN13<>""),"、","")&AN13&IF(AND(AM13&AN13<>"",AO13<>""),"、","")&AO13 | P13: =IF(AG13=0,"",IF(AK13&AL13="","⚠",LEFT(AK13&AL13,LEN(AK13&AL13)-1))) | Q13: =IF(S13="","",INDEX('①名簿入力'!$T$4:$T$153,S13)&"") -> 学級委員の経験あり | S13: =IF(D13="","",IFERROR(MATCH(D13,'①名簿入力'!$A$4:$A$153,0),"")) -> 5 | T13: =IF(S13="","",IF(INDEX('①名簿入力'!$AG$4:$AG$153,S13)=D13,"",INDEX('①名簿入力'!$AG$4:$AG$153,S13))) | U13: =IF(S13="","",IF(INDEX('①名簿入力'!$AH$4:$AH$153,S13)=D13,"",INDEX('①名簿入力'!$AH$4:$AH$153,S13))) | V13: =IF(S13="","",IF(INDEX('①名簿入力'!$AI$4:$AI$153,S13)=D13,"",INDEX('①名簿入力'!$AI$4:$AI$153,S13))) | W13: =IF(T13="","",IFERROR(IF(INDEX($E$9:$E$158,MATCH(T13,$D$9:$D$158,0))="","",INDEX($E$9:$E$158,MATCH(T13,$D$9:$D$158,0))),"")) | X13: =IF(U13="","",IFERROR(IF(INDEX($E$9:$E$158,MATCH(U13,$D$9:$D$158,0))="","",INDEX($E$9:$E$158,MATCH(U13,$D$9:$D$158,0))),"")) | Y13: =IF(V13="","",IFERROR(IF(INDEX($E$9:$E$158,MATCH(V13,$D$9:$D$158,0))="","",INDEX($E$9:$E$158,MATCH(V13,$D$9:$D$158,0))),"")) | Z13: =IF(AND(T13<>"",W13<>"",E13<>""),IF(W13=E13,1,0),0) -> 0 | AA13: =IF(AND(U13<>"",X13<>"",E13<>""),IF(X13=E13,1,0),0) -> 0 | AB13: =IF(AND(V13<>"",Y13<>"",E13<>""),IF(Y13=E13,1,0),0) -> 0 | AC13: =IF(OR(T13="",E13=""),"",T13&"|"&E13) | AD13: =IF(OR(U13="",E13=""),"",U13&"|"&E13) | AE13: =IF(OR(V13="",E13=""),"",V13&"|"&E13) | AF13: =IF(OR(D13="",E13=""),0,COUNTIF($AC$9:$AC$158,D13&"|"&E13)+COUNTIF($AD$9:$AD$158,D13&"|"&E13)+COUNTIF($AE$9:$AE$158,D13&"|"&E13)) -> 0 | AG13: =Z13+AA13+AB13+AF13 -> 0 | AH13: =IF(OR(D13="",E13=""),"",IFERROR(MATCH(D13&"|"&E13,$AC$9:$AC$158,0),"")) | AI13: =IF(OR(D13="",E13=""),"",IFERROR(MATCH(D13&"|"&E13,$AD$9:$AD$158,0),"")) | AJ13: =IF(OR(D13="",E13=""),"",IFERROR(MATCH(D13&"|"&E13,$AE$9:$AE$158,0),"")) | AK13: =IF(Z13=1,IFERROR(INDEX($F$9:$F$158,MATCH(T13,$D$9:$D$158,0)),"")&"、","")&IF(AA13=1,IFERROR(INDEX($F$9:$F$158,MATCH(U13,$D$9:$D$158,0)),"")&"、","")&IF(AB13=1,IFERROR(INDEX($F$9:$F$158,MATCH(V13,$D$9:$D$158,0)),"")&"、","") | AL13: =IF(OR(AH13=""),"",IF(OR(INDEX($D$9:$D$158,AH13)=T13,INDEX($D$9:$D$158,AH13)=U13,INDEX($D$9:$D$158,AH13)=V13),"",INDEX($F$9:$F$158,AH13)&"、"))&IF(OR(AI13="",AI13=AH13),"",IF(OR(INDEX($D$9:$D$158,AI13)=T13,INDEX($D$9:$D$158,AI13)=U13,INDEX($D$9:$D$158,AI13)=V13),"",INDEX($F$9:$F$158,AI13)&"、"))&IF(OR(AJ13="",AJ13=AH13,AJ13=AI13),"",IF(OR(INDEX($D$9:$D$158,AJ13)=T13,INDEX($D$9:$D$158,AJ13)=U13,INDEX($D$9:$D$158,AJ13)=V13),"",INDEX($F$9:$F$158,AJ13)&"、")) | AM13: =IF(T13="","",IFERROR(INDEX('①名簿入力'!$C$4:$C$153,MATCH(T13,'①名簿入力'!$A$4:$A$153,0)),"?")&IF(W13="","","("&W13&"組)")) | AN13: =IF(U13="","",IFERROR(INDEX('①名簿入力'!$C$4:$C$153,MATCH(U13,'①名簿入力'!$A$4:$A$153,0)),"?")&IF(X13="","","("&X13&"組)")) | AO13: =IF(V13="","",IFERROR(INDEX('①名簿入力'!$C$4:$C$153,MATCH(V13,'①名簿入力'!$A$4:$A$153,0)),"?")&IF(Y13="","","("&Y13&"組)")) | AP13: =IF(G13="男",1,IF(G13="女",2,3)) -> 1 | AQ13: =IF(OR(S13="",E13=""),"",IFERROR(IF('③クラス一覧'!$AD$6="番号順",0,AP13*1000000000)+D13,"")) -> 1000002105 | AR13: =IF(AQ13="","",COUNTIFS($E$9:$E$158,E13,$AQ$9:$AQ$158,"<"&AQ13)+1) -> 1 | AS13: =IF(AR13="","",E13&"-"&AR13) -> 2-1 | AT13: =IF(S13="","",IF(INDEX('①名簿入力'!$F$4:$F$153,S13)="","",INDEX('①名簿入力'!$F$4:$F$153,S13))) -> 40 | AU13: =IF(S13="","",IF(INDEX('①名簿入力'!$G$4:$G$153,S13)="","",INDEX('①名簿入力'!$G$4:$G$153,S13))) -> 12 | AV13: =IF(S13="","",IF(INDEX('①名簿入力'!$H$4:$H$153,S13)="","",INDEX('①名簿入力'!$H$4:$H$153,S13))) -> 17 | AW13: =IF(S13="","",IF(INDEX('①名簿入力'!$I$4:$I$153,S13)="","",INDEX('①名簿入力'!$I$4:$I$153,S13))) -> 16 | AX13: =IF(S13="","",IF(INDEX('①名簿入力'!$J$4:$J$153,S13)="","",INDEX('①名簿入力'!$J$4:$J$153,S13))) -> 12
A14: =IF('①名簿入力'!A9="","",'①名簿入力'!A9) -> 2106 | B14: =IF(A14="","",'①名簿入力'!U9) -> 3 | D14: 2106 | E14: 3 | F14: =IF(D14="","",IF(S14="","（名簿にない番号）",INDEX('①名簿入力'!$C$4:$C$153,S14)&"")) -> 石田 凛 | G14: =IF(S14="","",INDEX('①名簿入力'!$E$4:$E$153,S14)&"") -> 女 | H14: =IF(S14="","",IF(INDEX('①名簿入力'!$B$4:$B$153,S14)="","",INDEX('①名簿入力'!$B$4:$B$153,S14))) -> 1 | I14: =IF(S14="","",IF(INDEX('①名簿入力'!$K$4:$K$153,S14)="","",INDEX('①名簿入力'!$K$4:$K$153,S14))) -> 78.6 | J14: =IF(S14="","",IF(INDEX('①名簿入力'!$L$4:$L$153,S14)="","",INDEX('①名簿入力'!$L$4:$L$153,S14))) -> 8.9 | K14: =IF(S14="","",IF(INDEX('①名簿入力'!$Y$4:$Y$153,S14)=1,"〇","")) | L14: =IF(S14="","",IF(INDEX('①名簿入力'!$Z$4:$Z$153,S14)=1,"〇","")) | M14: =IF(S14="","",IF(INDEX('①名簿入力'!$AA$4:$AA$153,S14)=1,"〇","")) | N14: =IF(S14="","",IF(INDEX('①名簿入力'!$AB$4:$AB$153,S14)=1,"〇","")) | O14: =AM14&IF(AND(AM14<>"",AN14<>""),"、","")&AN14&IF(AND(AM14&AN14<>"",AO14<>""),"、","")&AO14 | P14: =IF(AG14=0,"",IF(AK14&AL14="","⚠",LEFT(AK14&AL14,LEN(AK14&AL14)-1))) | Q14: =IF(S14="","",INDEX('①名簿入力'!$T$4:$T$153,S14)&"") | S14: =IF(D14="","",IFERROR(MATCH(D14,'①名簿入力'!$A$4:$A$153,0),"")) -> 6 | T14: =IF(S14="","",IF(INDEX('①名簿入力'!$AG$4:$AG$153,S14)=D14,"",INDEX('①名簿入力'!$AG$4:$AG$153,S14))) | U14: =IF(S14="","",IF(INDEX('①名簿入力'!$AH$4:$AH$153,S14)=D14,"",INDEX('①名簿入力'!$AH$4:$AH$153,S14))) | V14: =IF(S14="","",IF(INDEX('①名簿入力'!$AI$4:$AI$153,S14)=D14,"",INDEX('①名簿入力'!$AI$4:$AI$153,S14))) | W14: =IF(T14="","",IFERROR(IF(INDEX($E$9:$E$158,MATCH(T14,$D$9:$D$158,0))="","",INDEX($E$9:$E$158,MATCH(T14,$D$9:$D$158,0))),"")) | X14: =IF(U14="","",IFERROR(IF(INDEX($E$9:$E$158,MATCH(U14,$D$9:$D$158,0))="","",INDEX($E$9:$E$158,MATCH(U14,$D$9:$D$158,0))),"")) | Y14: =IF(V14="","",IFERROR(IF(INDEX($E$9:$E$158,MATCH(V14,$D$9:$D$158,0))="","",INDEX($E$9:$E$158,MATCH(V14,$D$9:$D$158,0))),"")) | Z14: =IF(AND(T14<>"",W14<>"",E14<>""),IF(W14=E14,1,0),0) -> 0 | AA14: =IF(AND(U14<>"",X14<>"",E14<>""),IF(X14=E14,1,0),0) -> 0 | AB14: =IF(AND(V14<>"",Y14<>"",E14<>""),IF(Y14=E14,1,0),0) -> 0 | AC14: =IF(OR(T14="",E14=""),"",T14&"|"&E14) | AD14: =IF(OR(U14="",E14=""),"",U14&"|"&E14) | AE14: =IF(OR(V14="",E14=""),"",V14&"|"&E14) | AF14: =IF(OR(D14="",E14=""),0,COUNTIF($AC$9:$AC$158,D14&"|"&E14)+COUNTIF($AD$9:$AD$158,D14&"|"&E14)+COUNTIF($AE$9:$AE$158,D14&"|"&E14)) -> 0 | AG14: =Z14+AA14+AB14+AF14 -> 0 | AH14: =IF(OR(D14="",E14=""),"",IFERROR(MATCH(D14&"|"&E14,$AC$9:$AC$158,0),"")) | AI14: =IF(OR(D14="",E14=""),"",IFERROR(MATCH(D14&"|"&E14,$AD$9:$AD$158,0),"")) | AJ14: =IF(OR(D14="",E14=""),"",IFERROR(MATCH(D14&"|"&E14,$AE$9:$AE$158,0),"")) | AK14: =IF(Z14=1,IFERROR(INDEX($F$9:$F$158,MATCH(T14,$D$9:$D$158,0)),"")&"、","")&IF(AA14=1,IFERROR(INDEX($F$9:$F$158,MATCH(U14,$D$9:$D$158,0)),"")&"、","")&IF(AB14=1,IFERROR(INDEX($F$9:$F$158,MATCH(V14,$D$9:$D$158,0)),"")&"、","") | AL14: =IF(OR(AH14=""),"",IF(OR(INDEX($D$9:$D$158,AH14)=T14,INDEX($D$9:$D$158,AH14)=U14,INDEX($D$9:$D$158,AH14)=V14),"",INDEX($F$9:$F$158,AH14)&"、"))&IF(OR(AI14="",AI14=AH14),"",IF(OR(INDEX($D$9:$D$158,AI14)=T14,INDEX($D$9:$D$158,AI14)=U14,INDEX($D$9:$D$158,AI14)=V14),"",INDEX($F$9:$F$158,AI14)&"、"))&IF(OR(AJ14="",AJ14=AH14,AJ14=AI14),"",IF(OR(INDEX($D$9:$D$158,AJ14)=T14,INDEX($D$9:$D$158,AJ14)=U14,INDEX($D$9:$D$158,AJ14)=V14),"",INDEX($F$9:$F$158,AJ14)&"、")) | AM14: =IF(T14="","",IFERROR(INDEX('①名簿入力'!$C$4:$C$153,MATCH(T14,'①名簿入力'!$A$4:$A$153,0)),"?")&IF(W14="","","("&W14&"組)")) | AN14: =IF(U14="","",IFERROR(INDEX('①名簿入力'!$C$4:$C$153,MATCH(U14,'①名簿入力'!$A$4:$A$153,0)),"?")&IF(X14="","","("&X14&"組)")) | AO14: =IF(V14="","",IFERROR(INDEX('①名簿入力'!$C$4:$C$153,MATCH(V14,'①名簿入力'!$A$4:$A$153,0)),"?")&IF(Y14="","","("&Y14&"組)")) | AP14: =IF(G14="男",1,IF(G14="女",2,3)) -> 2 | AQ14: =IF(OR(S14="",E14=""),"",IFERROR(IF('③クラス一覧'!$AD$6="番号順",0,AP14*1000000000)+D14,"")) -> 2000002106 | AR14: =IF(AQ14="","",COUNTIFS($E$9:$E$158,E14,$AQ$9:$AQ$158,"<"&AQ14)+1) -> 20 | AS14: =IF(AR14="","",E14&"-"&AR14) -> 3-20 | AT14: =IF(S14="","",IF(INDEX('①名簿入力'!$F$4:$F$153,S14)="","",INDEX('①名簿入力'!$F$4:$F$153,S14))) -> 92 | AU14: =IF(S14="","",IF(INDEX('①名簿入力'!$G$4:$G$153,S14)="","",INDEX('①名簿入力'!$G$4:$G$153,S14))) -> 83 | AV14: =IF(S14="","",IF(INDEX('①名簿入力'!$H$4:$H$153,S14)="","",INDEX('①名簿入力'!$H$4:$H$153,S14))) -> 76 | AW14: =IF(S14="","",IF(INDEX('①名簿入力'!$I$4:$I$153,S14)="","",INDEX('①名簿入力'!$I$4:$I$153,S14))) -> 78 | AX14: =IF(S14="","",IF(INDEX('①名簿入力'!$J$4:$J$153,S14)="","",INDEX('①名簿入力'!$J$4:$J$153,S14))) -> 64
